datasetID,accessible,institution,dataStructure,cdm_data_type,class,title,minLongitude,maxLongitude,longitudeSpacing,minLatitude,maxLatitude,latitudeSpacing,minAltitude,maxAltitude,minTime,maxTime,timeSpacing,griddap,subset,tabledap,MakeAGraph,sos,wcs,wms,files,fgdc,iso19115,metadata,sourceUrl,infoUrl,rss,email,testOutOfDate,outOfDate,summary
,,,,,,,degrees_east,degrees_east,degrees_east,degrees_north,degrees_north,degrees_north,m,m,UTC,UTC,seconds,,,,,,,,,,,,,,,,,,
allDatasets,public,NOAA/OAR/PMEL/SDIG,table,Other,EDDTableFromAllDatasets,* The List of All Active Datasets in this ERDDAP *,NaN,NaN,NaN,NaN,NaN,NaN,NaN,NaN,,,NaN,,/erddap/tabledap/allDatasets.subset,/erddap/tabledap/allDatasets,/erddap/tabledap/allDatasets.graph,,,,,,,/erddap/info/allDatasets/index,http://sour.pmel.noaa.gov:8930/erddap,http://sour.pmel.noaa.gov:8930/erddap,http://sour.pmel.noaa.gov:8930/erddap/rss/allDatasets.rss,/erddap/subscriptions/add.html?datasetID=allDatasets&showErrors=false&email=,,NaN,This dataset is a table which has a row of information for each dataset currently active in this ERDDAP.
v1r5_0614_e65f_664d,public,???,grid,Grid,EDDGridFromNcFiles,Data from a local source.,NaN,NaN,NaN,NaN,NaN,NaN,NaN,NaN,0000-01-16T12:00:00Z,0000-12-15T17:49:12Z,2625322.909090909,/erddap/griddap/v1r5_0614_e65f_664d,,,/erddap/griddap/v1r5_0614_e65f_664d.graph,,,,/erddap/files/v1r5_0614_e65f_664d/,,,/erddap/info/v1r5_0614_e65f_664d/index,(local files),???,http://sour.pmel.noaa.gov:8930/erddap/rss/v1r5_0614_e65f_664d.rss,/erddap/subscriptions/add.html?datasetID=v1r5_0614_e65f_664d&showErrors=false&email=,,NaN,Data from a local source.
v1r5_0a99_8f9a_a657,public,???,grid,Grid,EDDGridFromNcFiles,Data from a local source.,NaN,NaN,NaN,NaN,NaN,NaN,NaN,NaN,1970-07-15T00:00:00Z,2007-07-15T00:00:00Z,3.1557016216216218E7,/erddap/griddap/v1r5_0a99_8f9a_a657,,,/erddap/griddap/v1r5_0a99_8f9a_a657.graph,,,,/erddap/files/v1r5_0a99_8f9a_a657/,,,/erddap/info/v1r5_0a99_8f9a_a657/index,(local files),???,http://sour.pmel.noaa.gov:8930/erddap/rss/v1r5_0a99_8f9a_a657.rss,/erddap/subscriptions/add.html?datasetID=v1r5_0a99_8f9a_a657&showErrors=false&email=,,NaN,Data from a local source.
v1r5_62bd_239f_06ad,public,???,grid,Grid,EDDGridFromNcFiles,Data from a local source.,NaN,NaN,NaN,NaN,NaN,NaN,NaN,NaN,1975-01-01T00:00:00Z,2004-12-31T12:00:00Z,3.15576E8,/erddap/griddap/v1r5_62bd_239f_06ad,,,/erddap/griddap/v1r5_62bd_239f_06ad.graph,,,,/erddap/files/v1r5_62bd_239f_06ad/,,,/erddap/info/v1r5_62bd_239f_06ad/index,(local files),???,http://sour.pmel.noaa.gov:8930/erddap/rss/v1r5_62bd_239f_06ad.rss,/erddap/subscriptions/add.html?datasetID=v1r5_62bd_239f_06ad&showErrors=false&email=,,NaN,Data from a local source.
v1r5_6431_eef2_329f,public,???,grid,Grid,EDDGridFromNcFiles,Data from a local source.,NaN,NaN,NaN,NaN,NaN,NaN,NaN,NaN,1975-01-01T00:00:00Z,2004-12-31T12:00:00Z,3.15576E8,/erddap/griddap/v1r5_6431_eef2_329f,,,/erddap/griddap/v1r5_6431_eef2_329f.graph,,,,/erddap/files/v1r5_6431_eef2_329f/,,,/erddap/info/v1r5_6431_eef2_329f/index,(local files),???,http://sour.pmel.noaa.gov:8930/erddap/rss/v1r5_6431_eef2_329f.rss,/erddap/subscriptions/add.html?datasetID=v1r5_6431_eef2_329f&showErrors=false&email=,,NaN,Data from a local source.
v1r5_7e72_53cc_ab89,public,???,grid,Grid,EDDGridFromNcFiles,Data from a local source.,-179.875,179.875,0.25,-89.875,89.875,0.25,NaN,NaN,1970-01-16T12:00:00Z,2007-12-16T12:00:00Z,2629598.241758242,/erddap/griddap/v1r5_7e72_53cc_ab89,,,/erddap/griddap/v1r5_7e72_53cc_ab89.graph,,,/erddap/wms/v1r5_7e72_53cc_ab89/request,/erddap/files/v1r5_7e72_53cc_ab89/,/erddap/metadata/fgdc/xml/v1r5_7e72_53cc_ab89_fgdc.xml,/erddap/metadata/iso19115/xml/v1r5_7e72_53cc_ab89_iso19115.xml,/erddap/info/v1r5_7e72_53cc_ab89/index,(local files),???,http://sour.pmel.noaa.gov:8930/erddap/rss/v1r5_7e72_53cc_ab89.rss,/erddap/subscriptions/add.html?datasetID=v1r5_7e72_53cc_ab89&showErrors=false&email=,,NaN,Data from a local source.
v1r5_a767_5762_74c6,public,???,grid,Grid,EDDGridFromNcFiles,Data from a local source.,NaN,NaN,NaN,NaN,NaN,NaN,NaN,NaN,1970-07-15T00:00:00Z,2007-07-15T00:00:00Z,3.1557016216216218E7,/erddap/griddap/v1r5_a767_5762_74c6,,,/erddap/griddap/v1r5_a767_5762_74c6.graph,,,,/erddap/files/v1r5_a767_5762_74c6/,,,/erddap/info/v1r5_a767_5762_74c6/index,(local files),???,http://sour.pmel.noaa.gov:8930/erddap/rss/v1r5_a767_5762_74c6.rss,/erddap/subscriptions/add.html?datasetID=v1r5_a767_5762_74c6&showErrors=false&email=,,NaN,Data from a local source.
v1r5_bf7a_c2b9_c18b,public,???,grid,Grid,EDDGridFromNcFiles,Data from a local source.,NaN,NaN,NaN,NaN,NaN,NaN,NaN,NaN,1970-01-16T12:00:00Z,2007-12-16T12:00:00Z,2629598.241758242,/erddap/griddap/v1r5_bf7a_c2b9_c18b,,,/erddap/griddap/v1r5_bf7a_c2b9_c18b.graph,,,,/erddap/files/v1r5_bf7a_c2b9_c18b/,,,/erddap/info/v1r5_bf7a_c2b9_c18b/index,(local files),???,http://sour.pmel.noaa.gov:8930/erddap/rss/v1r5_bf7a_c2b9_c18b.rss,/erddap/subscriptions/add.html?datasetID=v1r5_bf7a_c2b9_c18b&showErrors=false&email=,,NaN,Data from a local source.
v1r5_cd3e_f63e_2501,public,???,grid,Grid,EDDGridFromNcFiles,Data from a local source.,-179.875,179.875,0.25,-89.875,89.875,0.25,NaN,NaN,1970-01-16T12:00:00Z,2007-12-16T12:00:00Z,2629598.241758242,/erddap/griddap/v1r5_cd3e_f63e_2501,,,/erddap/griddap/v1r5_cd3e_f63e_2501.graph,,,/erddap/wms/v1r5_cd3e_f63e_2501/request,/erddap/files/v1r5_cd3e_f63e_2501/,/erddap/metadata/fgdc/xml/v1r5_cd3e_f63e_2501_fgdc.xml,/erddap/metadata/iso19115/xml/v1r5_cd3e_f63e_2501_iso19115.xml,/erddap/info/v1r5_cd3e_f63e_2501/index,(local files),???,http://sour.pmel.noaa.gov:8930/erddap/rss/v1r5_cd3e_f63e_2501.rss,/erddap/subscriptions/add.html?datasetID=v1r5_cd3e_f63e_2501&showErrors=false&email=,,NaN,Data from a local source.
v1r5_d105_af34_ae8e,public,???,grid,Grid,EDDGridFromNcFiles,Data from a local source.,NaN,NaN,NaN,NaN,NaN,NaN,NaN,NaN,1970-01-16T12:00:00Z,2007-12-16T12:00:00Z,2629598.241758242,/erddap/griddap/v1r5_d105_af34_ae8e,,,/erddap/griddap/v1r5_d105_af34_ae8e.graph,,,,/erddap/files/v1r5_d105_af34_ae8e/,,,/erddap/info/v1r5_d105_af34_ae8e/index,(local files),???,http://sour.pmel.noaa.gov:8930/erddap/rss/v1r5_d105_af34_ae8e.rss,/erddap/subscriptions/add.html?datasetID=v1r5_d105_af34_ae8e&showErrors=false&email=,,NaN,Data from a local source.
v2024_aa7c_58f2_78e4,public,???,grid,Grid,EDDGridFromNcFiles,Data from a local source.,-179.5,179.5,1.0,-89.5,89.5,1.0,NaN,NaN,1975-01-01T00:00:00Z,2024-12-31T12:00:00Z,3.15576E8,/erddap/griddap/v2024_aa7c_58f2_78e4,,,/erddap/griddap/v2024_aa7c_58f2_78e4.graph,,,/erddap/wms/v2024_aa7c_58f2_78e4/request,/erddap/files/v2024_aa7c_58f2_78e4/,/erddap/metadata/fgdc/xml/v2024_aa7c_58f2_78e4_fgdc.xml,/erddap/metadata/iso19115/xml/v2024_aa7c_58f2_78e4_iso19115.xml,/erddap/info/v2024_aa7c_58f2_78e4/index,(local files),???,http://sour.pmel.noaa.gov:8930/erddap/rss/v2024_aa7c_58f2_78e4.rss,/erddap/subscriptions/add.html?datasetID=v2024_aa7c_58f2_78e4&showErrors=false&email=,,NaN,Data from a local source.
v2_7326_2ef1_46f0,public,???,grid,Grid,EDDGridFromNcFiles,Data from a local source.,-179.5,179.5,1.0,-89.5,89.5,1.0,NaN,NaN,0000-01-16T12:00:00Z,0000-12-15T17:49:12Z,2625322.909090909,/erddap/griddap/v2_7326_2ef1_46f0,,,/erddap/griddap/v2_7326_2ef1_46f0.graph,,,/erddap/wms/v2_7326_2ef1_46f0/request,/erddap/files/v2_7326_2ef1_46f0/,/erddap/metadata/fgdc/xml/v2_7326_2ef1_46f0_fgdc.xml,/erddap/metadata/iso19115/xml/v2_7326_2ef1_46f0_iso19115.xml,/erddap/info/v2_7326_2ef1_46f0/index,(local files),???,http://sour.pmel.noaa.gov:8930/erddap/rss/v2_7326_2ef1_46f0.rss,/erddap/subscriptions/add.html?datasetID=v2_7326_2ef1_46f0&showErrors=false&email=,,NaN,Data from a local source.
v2_7572_a9ff_52cf,public,???,grid,Grid,EDDGridFromNcFiles,Data from a local source.,-179.5,179.5,1.0,-89.5,89.5,1.0,NaN,NaN,1970-07-15T00:00:00Z,2011-07-15T00:00:00Z,3.155707317073171E7,/erddap/griddap/v2_7572_a9ff_52cf,,,/erddap/griddap/v2_7572_a9ff_52cf.graph,,,/erddap/wms/v2_7572_a9ff_52cf/request,/erddap/files/v2_7572_a9ff_52cf/,/erddap/metadata/fgdc/xml/v2_7572_a9ff_52cf_fgdc.xml,/erddap/metadata/iso19115/xml/v2_7572_a9ff_52cf_iso19115.xml,/erddap/info/v2_7572_a9ff_52cf/index,(local files),???,http://sour.pmel.noaa.gov:8930/erddap/rss/v2_7572_a9ff_52cf.rss,/erddap/subscriptions/add.html?datasetID=v2_7572_a9ff_52cf&showErrors=false&email=,,NaN,Data from a local source.
v2_a030_3270_7259,public,???,grid,Grid,EDDGridFromNcFiles,Data from a local source.,-179.5,179.5,1.0,-89.5,89.5,1.0,NaN,NaN,1970-01-16T12:00:00Z,2011-12-16T12:00:00Z,2629617.495029821,/erddap/griddap/v2_a030_3270_7259,,,/erddap/griddap/v2_a030_3270_7259.graph,,,/erddap/wms/v2_a030_3270_7259/request,/erddap/files/v2_a030_3270_7259/,/erddap/metadata/fgdc/xml/v2_a030_3270_7259_fgdc.xml,/erddap/metadata/iso19115/xml/v2_a030_3270_7259_iso19115.xml,/erddap/info/v2_a030_3270_7259/index,(local files),???,http://sour.pmel.noaa.gov:8930/erddap/rss/v2_a030_3270_7259.rss,/erddap/subscriptions/add.html?datasetID=v2_a030_3270_7259&showErrors=false&email=,,NaN,Data from a local source.
v2_b251_73d1_4ec0,public,???,grid,Grid,EDDGridFromNcFiles,Data from a local source.,-179.5,179.5,1.0,-89.5,89.5,1.0,NaN,NaN,1975-01-01T00:00:00Z,2004-12-31T12:00:00Z,3.15576E8,/erddap/griddap/v2_b251_73d1_4ec0,,,/erddap/griddap/v2_b251_73d1_4ec0.graph,,,/erddap/wms/v2_b251_73d1_4ec0/request,/erddap/files/v2_b251_73d1_4ec0/,/erddap/metadata/fgdc/xml/v2_b251_73d1_4ec0_fgdc.xml,/erddap/metadata/iso19115/xml/v2_b251_73d1_4ec0_iso19115.xml,/erddap/info/v2_b251_73d1_4ec0/index,(local files),???,http://sour.pmel.noaa.gov:8930/erddap/rss/v2_b251_73d1_4ec0.rss,/erddap/subscriptions/add.html?datasetID=v2_b251_73d1_4ec0&showErrors=false&email=,,NaN,Data from a local source.
v2_fc5e_73b9_f2d4,public,???,grid,Grid,EDDGridFromNcFiles,Data from a local source.,-179.5,179.5,1.0,-89.5,89.5,1.0,NaN,NaN,0000-01-16T12:00:00Z,0000-12-15T17:49:12Z,2625322.909090909,/erddap/griddap/v2_fc5e_73b9_f2d4,,,/erddap/griddap/v2_fc5e_73b9_f2d4.graph,,,/erddap/wms/v2_fc5e_73b9_f2d4/request,/erddap/files/v2_fc5e_73b9_f2d4/,/erddap/metadata/fgdc/xml/v2_fc5e_73b9_f2d4_fgdc.xml,/erddap/metadata/iso19115/xml/v2_fc5e_73b9_f2d4_iso19115.xml,/erddap/info/v2_fc5e_73b9_f2d4/index,(local files),???,http://sour.pmel.noaa.gov:8930/erddap/rss/v2_fc5e_73b9_f2d4.rss,/erddap/subscriptions/add.html?datasetID=v2_fc5e_73b9_f2d4&showErrors=false&email=,,NaN,Data from a local source.
v3_331d_6d04_80c9,public,???,grid,Grid,EDDGridFromNcFiles,Data from a local source.,-179.5,179.5,1.0,-89.5,89.5,1.0,NaN,NaN,1970-01-16T12:00:00Z,2014-12-16T12:00:00Z,2629669.758812616,/erddap/griddap/v3_331d_6d04_80c9,,,/erddap/griddap/v3_331d_6d04_80c9.graph,,,/erddap/wms/v3_331d_6d04_80c9/request,/erddap/files/v3_331d_6d04_80c9/,/erddap/metadata/fgdc/xml/v3_331d_6d04_80c9_fgdc.xml,/erddap/metadata/iso19115/xml/v3_331d_6d04_80c9_iso19115.xml,/erddap/info/v3_331d_6d04_80c9/index,(local files),???,http://sour.pmel.noaa.gov:8930/erddap/rss/v3_331d_6d04_80c9.rss,/erddap/subscriptions/add.html?datasetID=v3_331d_6d04_80c9&showErrors=false&email=,,NaN,Data from a local source.
v3_4d7e_c791_9377,public,???,grid,Grid,EDDGridFromNcFiles,Data from a local source.,-179.5,179.5,1.0,-89.5,89.5,1.0,NaN,NaN,1970-07-15T00:00:00Z,2014-07-15T00:00:00Z,3.15576E7,/erddap/griddap/v3_4d7e_c791_9377,,,/erddap/griddap/v3_4d7e_c791_9377.graph,,,/erddap/wms/v3_4d7e_c791_9377/request,/erddap/files/v3_4d7e_c791_9377/,/erddap/metadata/fgdc/xml/v3_4d7e_c791_9377_fgdc.xml,/erddap/metadata/iso19115/xml/v3_4d7e_c791_9377_iso19115.xml,/erddap/info/v3_4d7e_c791_9377/index,(local files),???,http://sour.pmel.noaa.gov:8930/erddap/rss/v3_4d7e_c791_9377.rss,/erddap/subscriptions/add.html?datasetID=v3_4d7e_c791_9377&showErrors=false&email=,,NaN,Data from a local source.
v3_d7ea_3a18_fdd5,public,???,grid,Grid,EDDGridFromNcFiles,Data from a local source.,-179.5,179.5,1.0,-89.5,89.5,1.0,NaN,NaN,0000-01-16T12:00:00Z,0000-12-15T17:49:12Z,2625322.909090909,/erddap/griddap/v3_d7ea_3a18_fdd5,,,/erddap/griddap/v3_d7ea_3a18_fdd5.graph,,,/erddap/wms/v3_d7ea_3a18_fdd5/request,/erddap/files/v3_d7ea_3a18_fdd5/,/erddap/metadata/fgdc/xml/v3_d7ea_3a18_fdd5_fgdc.xml,/erddap/metadata/iso19115/xml/v3_d7ea_3a18_fdd5_iso19115.xml,/erddap/info/v3_d7ea_3a18_fdd5/index,(local files),???,http://sour.pmel.noaa.gov:8930/erddap/rss/v3_d7ea_3a18_fdd5.rss,/erddap/subscriptions/add.html?datasetID=v3_d7ea_3a18_fdd5&showErrors=false&email=,,NaN,Data from a local source.
v3_eaad_d928_db77,public,???,grid,Grid,EDDGridFromNcFiles,Data from a local source.,-179.5,179.5,1.0,-89.5,89.5,1.0,NaN,NaN,1975-01-01T00:00:00Z,2015-01-01T00:00:00Z,3.15576E8,/erddap/griddap/v3_eaad_d928_db77,,,/erddap/griddap/v3_eaad_d928_db77.graph,,,/erddap/wms/v3_eaad_d928_db77/request,/erddap/files/v3_eaad_d928_db77/,/erddap/metadata/fgdc/xml/v3_eaad_d928_db77_fgdc.xml,/erddap/metadata/iso19115/xml/v3_eaad_d928_db77_iso19115.xml,/erddap/info/v3_eaad_d928_db77/index,(local files),???,http://sour.pmel.noaa.gov:8930/erddap/rss/v3_eaad_d928_db77.rss,/erddap/subscriptions/add.html?datasetID=v3_eaad_d928_db77&showErrors=false&email=,,NaN,Data from a local source.
v4_168e_a03f_edf2,public,???,grid,Grid,EDDGridFromNcFiles,Data from a local source.,-179.5,179.5,1.0,-89.5,89.5,1.0,NaN,NaN,1970-01-16T12:00:00Z,2015-12-16T12:00:00Z,2629633.393829401,/erddap/griddap/v4_168e_a03f_edf2,,,/erddap/griddap/v4_168e_a03f_edf2.graph,,,/erddap/wms/v4_168e_a03f_edf2/request,/erddap/files/v4_168e_a03f_edf2/,/erddap/metadata/fgdc/xml/v4_168e_a03f_edf2_fgdc.xml,/erddap/metadata/iso19115/xml/v4_168e_a03f_edf2_iso19115.xml,/erddap/info/v4_168e_a03f_edf2/index,(local files),???,http://sour.pmel.noaa.gov:8930/erddap/rss/v4_168e_a03f_edf2.rss,/erddap/subscriptions/add.html?datasetID=v4_168e_a03f_edf2&showErrors=false&email=,,NaN,Data from a local source.
v4_298f_f8a5_5f8a,public,???,grid,Grid,EDDGridFromNcFiles,Data from a local source.,-179.5,179.5,1.0,-89.5,89.5,1.0,NaN,NaN,1970-07-15T00:00:00Z,2015-07-15T00:00:00Z,3.155712E7,/erddap/griddap/v4_298f_f8a5_5f8a,,,/erddap/griddap/v4_298f_f8a5_5f8a.graph,,,/erddap/wms/v4_298f_f8a5_5f8a/request,/erddap/files/v4_298f_f8a5_5f8a/,/erddap/metadata/fgdc/xml/v4_298f_f8a5_5f8a_fgdc.xml,/erddap/metadata/iso19115/xml/v4_298f_f8a5_5f8a_iso19115.xml,/erddap/info/v4_298f_f8a5_5f8a/index,(local files),???,http://sour.pmel.noaa.gov:8930/erddap/rss/v4_298f_f8a5_5f8a.rss,/erddap/subscriptions/add.html?datasetID=v4_298f_f8a5_5f8a&showErrors=false&email=,,NaN,Data from a local source.
v4_af52_55ce_0b13,public,???,grid,Grid,EDDGridFromNcFiles,Data from a local source.,-179.5,179.5,1.0,-89.5,89.5,1.0,NaN,NaN,1975-01-01T00:00:00Z,2015-01-01T00:00:00Z,3.15576E8,/erddap/griddap/v4_af52_55ce_0b13,,,/erddap/griddap/v4_af52_55ce_0b13.graph,,,/erddap/wms/v4_af52_55ce_0b13/request,/erddap/files/v4_af52_55ce_0b13/,/erddap/metadata/fgdc/xml/v4_af52_55ce_0b13_fgdc.xml,/erddap/metadata/iso19115/xml/v4_af52_55ce_0b13_iso19115.xml,/erddap/info/v4_af52_55ce_0b13/index,(local files),???,http://sour.pmel.noaa.gov:8930/erddap/rss/v4_af52_55ce_0b13.rss,/erddap/subscriptions/add.html?datasetID=v4_af52_55ce_0b13&showErrors=false&email=,,NaN,Data from a local source.
v5_7444_8ae3_994c,public,???,grid,Grid,EDDGridFromNcFiles,Data from a local source.,-179.5,179.5,1.0,-89.5,89.5,1.0,NaN,NaN,1970-07-02T12:00:00Z,2016-07-02T00:00:00Z,3.15576E7,/erddap/griddap/v5_7444_8ae3_994c,,,/erddap/griddap/v5_7444_8ae3_994c.graph,,,/erddap/wms/v5_7444_8ae3_994c/request,/erddap/files/v5_7444_8ae3_994c/,/erddap/metadata/fgdc/xml/v5_7444_8ae3_994c_fgdc.xml,/erddap/metadata/iso19115/xml/v5_7444_8ae3_994c_iso19115.xml,/erddap/info/v5_7444_8ae3_994c/index,(local files),???,http://sour.pmel.noaa.gov:8930/erddap/rss/v5_7444_8ae3_994c.rss,/erddap/subscriptions/add.html?datasetID=v5_7444_8ae3_994c&showErrors=false&email=,,NaN,Data from a local source.
v5_dd0d_ff39_a152,public,???,grid,Grid,EDDGridFromNcFiles,Data from a local source.,-179.5,179.5,1.0,-89.5,89.5,1.0,NaN,NaN,1970-01-16T12:00:00Z,2017-01-16T12:00:00Z,2629838.2978723403,/erddap/griddap/v5_dd0d_ff39_a152,,,/erddap/griddap/v5_dd0d_ff39_a152.graph,,,/erddap/wms/v5_dd0d_ff39_a152/request,/erddap/files/v5_dd0d_ff39_a152/,/erddap/metadata/fgdc/xml/v5_dd0d_ff39_a152_fgdc.xml,/erddap/metadata/iso19115/xml/v5_dd0d_ff39_a152_iso19115.xml,/erddap/info/v5_dd0d_ff39_a152/index,(local files),???,http://sour.pmel.noaa.gov:8930/erddap/rss/v5_dd0d_ff39_a152.rss,/erddap/subscriptions/add.html?datasetID=v5_dd0d_ff39_a152&showErrors=false&email=,,NaN,Data from a local source.
v5_eeb0_37e2_ba68,public,???,grid,Grid,EDDGridFromNcFiles,Data from a local source.,-179.5,179.5,1.0,-89.5,89.5,1.0,NaN,NaN,1975-01-01T00:00:00Z,2015-01-01T00:00:00Z,3.15576E8,/erddap/griddap/v5_eeb0_37e2_ba68,,,/erddap/griddap/v5_eeb0_37e2_ba68.graph,,,/erddap/wms/v5_eeb0_37e2_ba68/request,/erddap/files/v5_eeb0_37e2_ba68/,/erddap/metadata/fgdc/xml/v5_eeb0_37e2_ba68_fgdc.xml,/erddap/metadata/iso19115/xml/v5_eeb0_37e2_ba68_iso19115.xml,/erddap/info/v5_eeb0_37e2_ba68/index,(local files),???,http://sour.pmel.noaa.gov:8930/erddap/rss/v5_eeb0_37e2_ba68.rss,/erddap/subscriptions/add.html?datasetID=v5_eeb0_37e2_ba68&showErrors=false&email=,,NaN,Data from a local source.
v1r5_8d3b_4542_9e25,public,???,grid,Grid,EDDGridFromNcFiles,"SOCAT gridded v1.5, QC-Flags A-D, WOCE-Flag 2 by Decade",-179.5,179.5,1.0,-89.5,89.5,1.0,NaN,NaN,1975-01-01T00:00:00Z,2004-12-31T12:00:00Z,3.15576E8,/erddap/griddap/v1r5_8d3b_4542_9e25,,,/erddap/griddap/v1r5_8d3b_4542_9e25.graph,,,/erddap/wms/v1r5_8d3b_4542_9e25/request,/erddap/files/v1r5_8d3b_4542_9e25/,/erddap/metadata/fgdc/xml/v1r5_8d3b_4542_9e25_fgdc.xml,/erddap/metadata/iso19115/xml/v1r5_8d3b_4542_9e25_iso19115.xml,/erddap/info/v1r5_8d3b_4542_9e25/index,(local files),???,http://sour.pmel.noaa.gov:8930/erddap/rss/v1r5_8d3b_4542_9e25.rss,/erddap/subscriptions/add.html?datasetID=v1r5_8d3b_4542_9e25&showErrors=false&email=,,NaN,"SOCAT gridded v1.5, Quality Control (QC)-Flags A-D, World Ocean Circulation Experiment (WOCE)-Flag 2 by Decade"
v1r5_6e08_82a9_dbf7,public,???,grid,Grid,EDDGridFromNcFiles,"SOCAT gridded v1.5, QC-Flags A-D, WOCE-Flag 2 Monthly Climatology",-179.5,179.5,1.0,-89.5,89.5,1.0,NaN,NaN,0000-01-16T12:00:00Z,0000-12-15T17:49:12Z,2625322.909090909,/erddap/griddap/v1r5_6e08_82a9_dbf7,,,/erddap/griddap/v1r5_6e08_82a9_dbf7.graph,,,/erddap/wms/v1r5_6e08_82a9_dbf7/request,/erddap/files/v1r5_6e08_82a9_dbf7/,/erddap/metadata/fgdc/xml/v1r5_6e08_82a9_dbf7_fgdc.xml,/erddap/metadata/iso19115/xml/v1r5_6e08_82a9_dbf7_iso19115.xml,/erddap/info/v1r5_6e08_82a9_dbf7/index,(local files),???,http://sour.pmel.noaa.gov:8930/erddap/rss/v1r5_6e08_82a9_dbf7.rss,/erddap/subscriptions/add.html?datasetID=v1r5_6e08_82a9_dbf7&showErrors=false&email=,,NaN,"SOCAT gridded v1.5, Quality Control (QC)-Flags A-D, World Ocean Circulation Experiment (WOCE)-Flag 2 Monthly Climatology"
v1r5_86f6_440f_9b27,public,???,grid,Grid,EDDGridFromNcFiles,"SOCAT gridded v1.5, QC-Flags A-D, WOCE-Flag 2 Yearly",-179.5,179.5,1.0,-89.5,89.5,1.0,NaN,NaN,1970-07-15T00:00:00Z,2007-07-15T00:00:00Z,3.1557016216216218E7,/erddap/griddap/v1r5_86f6_440f_9b27,,,/erddap/griddap/v1r5_86f6_440f_9b27.graph,,,/erddap/wms/v1r5_86f6_440f_9b27/request,/erddap/files/v1r5_86f6_440f_9b27/,/erddap/metadata/fgdc/xml/v1r5_86f6_440f_9b27_fgdc.xml,/erddap/metadata/iso19115/xml/v1r5_86f6_440f_9b27_iso19115.xml,/erddap/info/v1r5_86f6_440f_9b27/index,(local files),???,http://sour.pmel.noaa.gov:8930/erddap/rss/v1r5_86f6_440f_9b27.rss,/erddap/subscriptions/add.html?datasetID=v1r5_86f6_440f_9b27&showErrors=false&email=,,NaN,"SOCAT gridded v1.5, Quality Control (QC)-Flags A-D, World Ocean Circulation Experiment (WOCE)-Flag 2 Yearly"
v2_bd05_151c_b80a,public,???,grid,Grid,EDDGridFromNcFiles,SOCAT gridded v2 Decadal 1x1 degree gridded dataset.,-179.5,179.5,1.0,-89.5,89.5,1.0,NaN,NaN,1975-01-01T00:00:00Z,2004-12-31T12:00:00Z,3.15576E8,/erddap/griddap/v2_bd05_151c_b80a,,,/erddap/griddap/v2_bd05_151c_b80a.graph,,,/erddap/wms/v2_bd05_151c_b80a/request,/erddap/files/v2_bd05_151c_b80a/,/erddap/metadata/fgdc/xml/v2_bd05_151c_b80a_fgdc.xml,/erddap/metadata/iso19115/xml/v2_bd05_151c_b80a_iso19115.xml,/erddap/info/v2_bd05_151c_b80a/index,(local files),???,http://sour.pmel.noaa.gov:8930/erddap/rss/v2_bd05_151c_b80a.rss,/erddap/subscriptions/add.html?datasetID=v2_bd05_151c_b80a&showErrors=false&email=,,NaN,Data from a local source.
v2_7b41_9221_bfb9,public,???,grid,Grid,EDDGridFromNcFiles,SOCAT gridded v2 Monthly 1x1 degree gridded dataset,NaN,NaN,NaN,NaN,NaN,NaN,NaN,NaN,1970-01-16T12:00:00Z,2011-12-16T12:00:00Z,2629617.495029821,/erddap/griddap/v2_7b41_9221_bfb9,,,/erddap/griddap/v2_7b41_9221_bfb9.graph,,,,/erddap/files/v2_7b41_9221_bfb9/,,,/erddap/info/v2_7b41_9221_bfb9/index,(local files),???,http://sour.pmel.noaa.gov:8930/erddap/rss/v2_7b41_9221_bfb9.rss,/erddap/subscriptions/add.html?datasetID=v2_7b41_9221_bfb9&showErrors=false&email=,,NaN,Data from a local source.
v2_9bd2_a0bf_60b8,public,???,grid,Grid,EDDGridFromNcFiles,SOCAT gridded v2 Monthly quarter-degree Coastal gridded dataset,-179.875,179.875,0.25,-89.875,89.875,0.25,NaN,NaN,1970-01-16T12:00:00Z,2011-12-16T12:00:00Z,2629617.495029821,/erddap/griddap/v2_9bd2_a0bf_60b8,,,/erddap/griddap/v2_9bd2_a0bf_60b8.graph,,,/erddap/wms/v2_9bd2_a0bf_60b8/request,/erddap/files/v2_9bd2_a0bf_60b8/,/erddap/metadata/fgdc/xml/v2_9bd2_a0bf_60b8_fgdc.xml,/erddap/metadata/iso19115/xml/v2_9bd2_a0bf_60b8_iso19115.xml,/erddap/info/v2_9bd2_a0bf_60b8/index,(local files),???,http://sour.pmel.noaa.gov:8930/erddap/rss/v2_9bd2_a0bf_60b8.rss,/erddap/subscriptions/add.html?datasetID=v2_9bd2_a0bf_60b8&showErrors=false&email=,,NaN,Data from a local source.
v2_f99d_274b_d126,public,???,grid,Grid,EDDGridFromNcFiles,SOCAT gridded v2 Yearly 1x1 degree gridded dataset,-179.5,179.5,1.0,-89.5,89.5,1.0,NaN,NaN,1970-07-15T00:00:00Z,2011-07-15T00:00:00Z,3.155707317073171E7,/erddap/griddap/v2_f99d_274b_d126,,,/erddap/griddap/v2_f99d_274b_d126.graph,,,/erddap/wms/v2_f99d_274b_d126/request,/erddap/files/v2_f99d_274b_d126/,/erddap/metadata/fgdc/xml/v2_f99d_274b_d126_fgdc.xml,/erddap/metadata/iso19115/xml/v2_f99d_274b_d126_iso19115.xml,/erddap/info/v2_f99d_274b_d126/index,(local files),???,http://sour.pmel.noaa.gov:8930/erddap/rss/v2_f99d_274b_d126.rss,/erddap/subscriptions/add.html?datasetID=v2_f99d_274b_d126&showErrors=false&email=,,NaN,Data from a local source.
v2019_48fe_3d29_8908,public,INFO SOCAT,grid,Grid,EDDGridFromNcFiles,SOCAT gridded v2019 (v7) Decadal 1x1 degree gridded dataset,-179.5,179.5,1.0,-89.5,89.5,1.0,NaN,NaN,1975-01-01T00:00:00Z,2015-01-01T00:00:00Z,3.15576E8,/erddap/griddap/v2019_48fe_3d29_8908,,,/erddap/griddap/v2019_48fe_3d29_8908.graph,,,/erddap/wms/v2019_48fe_3d29_8908/request,/erddap/files/v2019_48fe_3d29_8908/,/erddap/metadata/fgdc/xml/v2019_48fe_3d29_8908_fgdc.xml,/erddap/metadata/iso19115/xml/v2019_48fe_3d29_8908_iso19115.xml,/erddap/info/v2019_48fe_3d29_8908/index,(local files),http://www.socat.info/,http://sour.pmel.noaa.gov:8930/erddap/rss/v2019_48fe_3d29_8908.rss,/erddap/subscriptions/add.html?datasetID=v2019_48fe_3d29_8908&showErrors=false&email=,,NaN,"Surface Ocean Carbon Atlas (SOCAT) Gridded (binned) SOCAT observations, with a spatial grid of \n1x1 degree and yearly in time. The gridded fields are computed from the monthly 1-degree gridded data, \nwhich uses only SOCAT datasets with Quality Control (QC) flags of A through D and SOCAT data points flagged with World Ocean Circulation Experiment (WOCE) \nflag values of 2. This decacal data is computed using data from the start to the end of each decade as \ndescribed in the summary attribute of each variable. The first decade is 1-Jan-1970 through 31-Dec-1979, \nthe last decade is generally a partial decade."
v2019_4a29_53b2_5add,public,INFO SOCAT,grid,Grid,EDDGridFromNcFiles,SOCAT gridded v2019 (v7) Monthly 1x1 degree gridded dataset,-179.5,179.5,1.0,-89.5,89.5,1.0,NaN,NaN,1970-01-16T12:00:00Z,2018-12-16T12:00:00Z,2629680.408858603,/erddap/griddap/v2019_4a29_53b2_5add,,,/erddap/griddap/v2019_4a29_53b2_5add.graph,,,/erddap/wms/v2019_4a29_53b2_5add/request,/erddap/files/v2019_4a29_53b2_5add/,/erddap/metadata/fgdc/xml/v2019_4a29_53b2_5add_fgdc.xml,/erddap/metadata/iso19115/xml/v2019_4a29_53b2_5add_iso19115.xml,/erddap/info/v2019_4a29_53b2_5add/index,(local files),http://www.socat.info/,http://sour.pmel.noaa.gov:8930/erddap/rss/v2019_4a29_53b2_5add.rss,/erddap/subscriptions/add.html?datasetID=v2019_4a29_53b2_5add&showErrors=false&email=,,NaN,"Surface Ocean Carbon Atlas (SOCAT) Gridded (binned) SOCAT observations, with a spatial \ngrid of 1x1 degree and monthly in time. The gridded fields are computed using only SOCAT \ndatasets with Quality Control (QC) flags of A through D and SOCAT data points flagged with World Ocean Circulation Experiment (WOCE) flag values of 2."
v2019_1a3f_dacc_b77b,public,INFO SOCAT,grid,Grid,EDDGridFromNcFiles,SOCAT gridded v2019 (v7) Monthly quarter-degree Coastal gridded dataset,-179.875,179.875,0.25,-89.875,89.875,0.25,NaN,NaN,1970-01-16T12:00:00Z,2018-12-16T12:00:00Z,2629680.408858603,/erddap/griddap/v2019_1a3f_dacc_b77b,,,/erddap/griddap/v2019_1a3f_dacc_b77b.graph,,,/erddap/wms/v2019_1a3f_dacc_b77b/request,/erddap/files/v2019_1a3f_dacc_b77b/,/erddap/metadata/fgdc/xml/v2019_1a3f_dacc_b77b_fgdc.xml,/erddap/metadata/iso19115/xml/v2019_1a3f_dacc_b77b_iso19115.xml,/erddap/info/v2019_1a3f_dacc_b77b/index,(local files),http://www.socat.info/,http://sour.pmel.noaa.gov:8930/erddap/rss/v2019_1a3f_dacc_b77b.rss,/erddap/subscriptions/add.html?datasetID=v2019_1a3f_dacc_b77b&showErrors=false&email=,,NaN,"Surface Ocean Carbon Atlas (SOCAT) Gridded (binned) SOCAT observations, masked for coastal data only, \nwith a spatial grid of quarter-degree and monthly in time. The gridded fields are computed using only \nSOCAT cruises with Quality Control (QC) flags of A through D and SOCAT data points flagged with World Ocean Circulation Experiment (WOCE) flag values of 2. \nThe grid is monthly in time and quarter-degree in longitude and latitude. A coastal mask is applied to \nmatch the 400-Km coastal region of the SOCAT database."
v2019_8717_c307_057c,public,INFO SOCAT,grid,Grid,EDDGridFromNcFiles,SOCAT gridded v2019 (v7) Yearly 1x1 degree gridded dataset,-179.5,179.5,1.0,-89.5,89.5,1.0,NaN,NaN,1970-07-02T12:00:00Z,2018-07-02T12:00:00Z,3.15576E7,/erddap/griddap/v2019_8717_c307_057c,,,/erddap/griddap/v2019_8717_c307_057c.graph,,,/erddap/wms/v2019_8717_c307_057c/request,/erddap/files/v2019_8717_c307_057c/,/erddap/metadata/fgdc/xml/v2019_8717_c307_057c_fgdc.xml,/erddap/metadata/iso19115/xml/v2019_8717_c307_057c_iso19115.xml,/erddap/info/v2019_8717_c307_057c/index,(local files),http://www.socat.info/,http://sour.pmel.noaa.gov:8930/erddap/rss/v2019_8717_c307_057c.rss,/erddap/subscriptions/add.html?datasetID=v2019_8717_c307_057c&showErrors=false&email=,,NaN,"Surface Ocean Carbon Atlas (SOCAT) Gridded (binned) SOCAT observations, with a spatial grid of \n1x1 degree and yearly in time. The gridded fields are computed from the monthly 1-degree gridded data, \nwhich uses only SOCAT datasets with Quality Control (QC) flags of A through D and SOCAT data points flagged with World Ocean Circulation Experiment (WOCE) \nflag values of 2. This yearly data is computed using data from the start to the end of each year as \ndescribed in the summary attribute of each variable."
v2020_11b3_9dec_3c1e,public,INFO SOCAT,grid,Grid,EDDGridFromNcFiles,SOCAT gridded v2020 Decadal 1x1 degree gridded dataset,-179.5,179.5,1.0,-89.5,89.5,1.0,NaN,NaN,1975-01-01T00:00:00Z,2015-01-01T00:00:00Z,3.15576E8,/erddap/griddap/v2020_11b3_9dec_3c1e,,,/erddap/griddap/v2020_11b3_9dec_3c1e.graph,,,/erddap/wms/v2020_11b3_9dec_3c1e/request,/erddap/files/v2020_11b3_9dec_3c1e/,/erddap/metadata/fgdc/xml/v2020_11b3_9dec_3c1e_fgdc.xml,/erddap/metadata/iso19115/xml/v2020_11b3_9dec_3c1e_iso19115.xml,/erddap/info/v2020_11b3_9dec_3c1e/index,(local files),http://www.socat.info/,http://sour.pmel.noaa.gov:8930/erddap/rss/v2020_11b3_9dec_3c1e.rss,/erddap/subscriptions/add.html?datasetID=v2020_11b3_9dec_3c1e&showErrors=false&email=,,NaN,"Surface Ocean Carbon Atlas (SOCAT) Gridded (binned) SOCAT observations, with a spatial grid of \n1x1 degree and yearly in time. The gridded fields are computed from the monthly 1-degree gridded data, \nwhich uses only SOCAT datasets with Quality Control (QC) flags of A through D and SOCAT data points flagged with World Ocean Circulation Experiment (WOCE) \nflag values of 2. This decacal data is computed using data from the start to the end of each decade as \ndescribed in the summary attribute of each variable. The first decade is 1-Jan-1970 through 31-Dec-1979, \nthe last decade is generally a partial decade."
v2020_39b1_47aa_65c9,public,INFO SOCAT,grid,Grid,EDDGridFromNcFiles,SOCAT gridded v2020 Monthly 1x1 degree gridded dataset,-179.5,179.5,1.0,-89.5,89.5,1.0,NaN,NaN,1970-01-16T12:00:00Z,2019-12-16T12:00:00Z,2629646.7445742907,/erddap/griddap/v2020_39b1_47aa_65c9,,,/erddap/griddap/v2020_39b1_47aa_65c9.graph,,,/erddap/wms/v2020_39b1_47aa_65c9/request,/erddap/files/v2020_39b1_47aa_65c9/,/erddap/metadata/fgdc/xml/v2020_39b1_47aa_65c9_fgdc.xml,/erddap/metadata/iso19115/xml/v2020_39b1_47aa_65c9_iso19115.xml,/erddap/info/v2020_39b1_47aa_65c9/index,(local files),http://www.socat.info/,http://sour.pmel.noaa.gov:8930/erddap/rss/v2020_39b1_47aa_65c9.rss,/erddap/subscriptions/add.html?datasetID=v2020_39b1_47aa_65c9&showErrors=false&email=,,NaN,"Surface Ocean Carbon Atlas (SOCAT) Gridded (binned) SOCAT observations, with a spatial \ngrid of 1x1 degree and monthly in time. The gridded fields are computed using only SOCAT \ndatasets with Quality Control (QC) flags of A through D and SOCAT data points flagged with World Ocean Circulation Experiment (WOCE) flag values of 2."
v2020_ab46_88b7_efe2,public,INFO SOCAT,grid,Grid,EDDGridFromNcFiles,SOCAT gridded v2020 Monthly quarter-degree Coastal gridded dataset,-179.875,179.875,0.25,-89.875,89.875,0.25,NaN,NaN,1970-01-16T12:00:00Z,2019-12-16T12:00:00Z,2629646.7445742907,/erddap/griddap/v2020_ab46_88b7_efe2,,,/erddap/griddap/v2020_ab46_88b7_efe2.graph,,,/erddap/wms/v2020_ab46_88b7_efe2/request,/erddap/files/v2020_ab46_88b7_efe2/,/erddap/metadata/fgdc/xml/v2020_ab46_88b7_efe2_fgdc.xml,/erddap/metadata/iso19115/xml/v2020_ab46_88b7_efe2_iso19115.xml,/erddap/info/v2020_ab46_88b7_efe2/index,(local files),http://www.socat.info/,http://sour.pmel.noaa.gov:8930/erddap/rss/v2020_ab46_88b7_efe2.rss,/erddap/subscriptions/add.html?datasetID=v2020_ab46_88b7_efe2&showErrors=false&email=,,NaN,"Surface Ocean Carbon Atlas (SOCAT) Gridded (binned) SOCAT observations, masked for coastal data only, \nwith a spatial grid of quarter-degree and monthly in time. The gridded fields are computed using only \nSOCAT cruises with Quality Control (QC) flags of A through D and SOCAT data points flagged with World Ocean Circulation Experiment (WOCE) flag values of 2. \nThe grid is monthly in time and quarter-degree in longitude and latitude. A coastal mask is applied to \nmatch the 400-Km coastal region of the SOCAT database."
v2020_703f_e736_9dac,public,INFO SOCAT,grid,Grid,EDDGridFromNcFiles,SOCAT gridded v2020 Yearly 1x1 degree gridded dataset,-179.5,179.5,1.0,-89.5,89.5,1.0,NaN,NaN,1970-07-02T12:00:00Z,2019-07-02T12:00:00Z,3.155715918367347E7,/erddap/griddap/v2020_703f_e736_9dac,,,/erddap/griddap/v2020_703f_e736_9dac.graph,,,/erddap/wms/v2020_703f_e736_9dac/request,/erddap/files/v2020_703f_e736_9dac/,/erddap/metadata/fgdc/xml/v2020_703f_e736_9dac_fgdc.xml,/erddap/metadata/iso19115/xml/v2020_703f_e736_9dac_iso19115.xml,/erddap/info/v2020_703f_e736_9dac/index,(local files),http://www.socat.info/,http://sour.pmel.noaa.gov:8930/erddap/rss/v2020_703f_e736_9dac.rss,/erddap/subscriptions/add.html?datasetID=v2020_703f_e736_9dac&showErrors=false&email=,,NaN,"Surface Ocean Carbon Atlas (SOCAT) Gridded (binned) SOCAT observations, with a spatial grid of \n1x1 degree and yearly in time. The gridded fields are computed from the monthly 1-degree gridded data, \nwhich uses only SOCAT datasets with Quality Control (QC) flags of A through D and SOCAT data points flagged with World Ocean Circulation Experiment (WOCE) \nflag values of 2. This yearly data is computed using data from the start to the end of each year as \ndescribed in the summary attribute of each variable."
v2021_30a2_ce08_48bc,public,INFO SOCAT,grid,Grid,EDDGridFromNcFiles,SOCAT gridded v2021 Decadal 1x1 degree gridded dataset,-179.5,179.5,1.0,-89.5,89.5,1.0,NaN,NaN,1975-01-01T00:00:00Z,2015-01-01T00:00:00Z,3.15576E8,/erddap/griddap/v2021_30a2_ce08_48bc,,,/erddap/griddap/v2021_30a2_ce08_48bc.graph,,,/erddap/wms/v2021_30a2_ce08_48bc/request,/erddap/files/v2021_30a2_ce08_48bc/,/erddap/metadata/fgdc/xml/v2021_30a2_ce08_48bc_fgdc.xml,/erddap/metadata/iso19115/xml/v2021_30a2_ce08_48bc_iso19115.xml,/erddap/info/v2021_30a2_ce08_48bc/index,(local files),http://www.socat.info/,http://sour.pmel.noaa.gov:8930/erddap/rss/v2021_30a2_ce08_48bc.rss,/erddap/subscriptions/add.html?datasetID=v2021_30a2_ce08_48bc&showErrors=false&email=,,NaN,"Surface Ocean Carbon Atlas (SOCAT) Gridded (binned) SOCAT observations, with a spatial grid of \n1x1 degree and yearly in time. The gridded fields are computed from the monthly 1-degree gridded data, \nwhich uses only SOCAT datasets with Quality Control (QC) flags of A through D and SOCAT data points flagged with World Ocean Circulation Experiment (WOCE) \nflag values of 2. This decacal data is computed using data from the start to the end of each decade as \ndescribed in the summary attribute of each variable. The first decade is 1-Jan-1970 through 31-Dec-1979, \nthe last decade is generally a partial decade."
v2021_3244_35c8_ab6b,public,INFO SOCAT,grid,Grid,EDDGridFromNcFiles,SOCAT gridded v2021 Monthly 1x1 degree gridded dataset,-179.5,179.5,1.0,-89.5,89.5,1.0,NaN,NaN,1970-01-16T12:00:00Z,2020-12-16T12:00:00Z,2629755.8101472994,/erddap/griddap/v2021_3244_35c8_ab6b,,,/erddap/griddap/v2021_3244_35c8_ab6b.graph,,,/erddap/wms/v2021_3244_35c8_ab6b/request,/erddap/files/v2021_3244_35c8_ab6b/,/erddap/metadata/fgdc/xml/v2021_3244_35c8_ab6b_fgdc.xml,/erddap/metadata/iso19115/xml/v2021_3244_35c8_ab6b_iso19115.xml,/erddap/info/v2021_3244_35c8_ab6b/index,(local files),http://www.socat.info/,http://sour.pmel.noaa.gov:8930/erddap/rss/v2021_3244_35c8_ab6b.rss,/erddap/subscriptions/add.html?datasetID=v2021_3244_35c8_ab6b&showErrors=false&email=,,NaN,"Surface Ocean Carbon Atlas (SOCAT) Gridded (binned) SOCAT observations, with a spatial \ngrid of 1x1 degree and monthly in time. The gridded fields are computed using only SOCAT \ndatasets with Quality Control (QC) flags of A through D and SOCAT data points flagged with World Ocean Circulation Experiment (WOCE) flag values of 2."
v2021_c8e4_4f10_152d,public,INFO SOCAT,grid,Grid,EDDGridFromNcFiles,SOCAT gridded v2021 Monthly quarter-degree Coastal gridded dataset,-179.875,179.875,0.25,-89.875,89.875,0.25,NaN,NaN,1970-01-16T12:00:00Z,2020-12-16T12:00:00Z,2629755.8101472994,/erddap/griddap/v2021_c8e4_4f10_152d,,,/erddap/griddap/v2021_c8e4_4f10_152d.graph,,,/erddap/wms/v2021_c8e4_4f10_152d/request,/erddap/files/v2021_c8e4_4f10_152d/,/erddap/metadata/fgdc/xml/v2021_c8e4_4f10_152d_fgdc.xml,/erddap/metadata/iso19115/xml/v2021_c8e4_4f10_152d_iso19115.xml,/erddap/info/v2021_c8e4_4f10_152d/index,(local files),http://www.socat.info/,http://sour.pmel.noaa.gov:8930/erddap/rss/v2021_c8e4_4f10_152d.rss,/erddap/subscriptions/add.html?datasetID=v2021_c8e4_4f10_152d&showErrors=false&email=,,NaN,"Surface Ocean Carbon Atlas (SOCAT) Gridded (binned) SOCAT observations, masked for coastal data only, \nwith a spatial grid of quarter-degree and monthly in time. The gridded fields are computed using only \nSOCAT cruises with Quality Control (QC) flags of A through D and SOCAT data points flagged with World Ocean Circulation Experiment (WOCE) flag values of 2. \nThe grid is monthly in time and quarter-degree in longitude and latitude. A coastal mask is applied to \nmatch the 400-Km coastal region of the SOCAT database."
v2021_4832_f207_e415,public,INFO SOCAT,grid,Grid,EDDGridFromNcFiles,SOCAT gridded v2021 Yearly 1x1 degree gridded dataset,-179.5,179.5,1.0,-89.5,89.5,1.0,NaN,NaN,1970-07-02T12:00:00Z,2021-07-02T12:00:00Z,3.1558023529411763E7,/erddap/griddap/v2021_4832_f207_e415,,,/erddap/griddap/v2021_4832_f207_e415.graph,,,/erddap/wms/v2021_4832_f207_e415/request,/erddap/files/v2021_4832_f207_e415/,/erddap/metadata/fgdc/xml/v2021_4832_f207_e415_fgdc.xml,/erddap/metadata/iso19115/xml/v2021_4832_f207_e415_iso19115.xml,/erddap/info/v2021_4832_f207_e415/index,(local files),http://www.socat.info/,http://sour.pmel.noaa.gov:8930/erddap/rss/v2021_4832_f207_e415.rss,/erddap/subscriptions/add.html?datasetID=v2021_4832_f207_e415&showErrors=false&email=,,NaN,"Surface Ocean Carbon Atlas (SOCAT) Gridded (binned) SOCAT observations, with a spatial grid of \n1x1 degree and yearly in time. The gridded fields are computed from the monthly 1-degree gridded data, \nwhich uses only SOCAT datasets with Quality Control (QC) flags of A through D and SOCAT data points flagged with World Ocean Circulation Experiment (WOCE) \nflag values of 2. This yearly data is computed using data from the start to the end of each year as \ndescribed in the summary attribute of each variable."
v2022_07fa_a810_0e4d,public,INFO SOCAT,grid,Grid,EDDGridFromNcFiles,SOCAT gridded v2021 Yearly 1x1 degree gridded dataset,-179.5,179.5,1.0,-89.5,89.5,1.0,NaN,NaN,1970-07-02T12:00:00Z,2022-07-02T12:00:00Z,3.15576E7,/erddap/griddap/v2022_07fa_a810_0e4d,,,/erddap/griddap/v2022_07fa_a810_0e4d.graph,,,/erddap/wms/v2022_07fa_a810_0e4d/request,/erddap/files/v2022_07fa_a810_0e4d/,/erddap/metadata/fgdc/xml/v2022_07fa_a810_0e4d_fgdc.xml,/erddap/metadata/iso19115/xml/v2022_07fa_a810_0e4d_iso19115.xml,/erddap/info/v2022_07fa_a810_0e4d/index,(local files),http://www.socat.info/,http://sour.pmel.noaa.gov:8930/erddap/rss/v2022_07fa_a810_0e4d.rss,/erddap/subscriptions/add.html?datasetID=v2022_07fa_a810_0e4d&showErrors=false&email=,,NaN,"Surface Ocean Carbon Atlas (SOCAT) Gridded (binned) SOCAT observations, with a spatial grid of \n1x1 degree and yearly in time. The gridded fields are computed from the monthly 1-degree gridded data, \nwhich uses only SOCAT datasets with Quality Control (QC) flags of A through D and SOCAT data points flagged with World Ocean Circulation Experiment (WOCE) \nflag values of 2. This yearly data is computed using data from the start to the end of each year as \ndescribed in the summary attribute of each variable."
v2022_1d46_b28f_7ab9,public,INFO SOCAT,grid,Grid,EDDGridFromNcFiles,SOCAT gridded v2022 Decadal 1x1 degree gridded dataset,-179.5,179.5,1.0,-89.5,89.5,1.0,NaN,NaN,1975-01-01T00:00:00Z,2015-01-01T00:00:00Z,3.15576E8,/erddap/griddap/v2022_1d46_b28f_7ab9,,,/erddap/griddap/v2022_1d46_b28f_7ab9.graph,,,/erddap/wms/v2022_1d46_b28f_7ab9/request,/erddap/files/v2022_1d46_b28f_7ab9/,/erddap/metadata/fgdc/xml/v2022_1d46_b28f_7ab9_fgdc.xml,/erddap/metadata/iso19115/xml/v2022_1d46_b28f_7ab9_iso19115.xml,/erddap/info/v2022_1d46_b28f_7ab9/index,(local files),http://www.socat.info/,http://sour.pmel.noaa.gov:8930/erddap/rss/v2022_1d46_b28f_7ab9.rss,/erddap/subscriptions/add.html?datasetID=v2022_1d46_b28f_7ab9&showErrors=false&email=,,NaN,"Surface Ocean Carbon Atlas (SOCAT) Gridded (binned) SOCAT observations, with a spatial grid of \n1x1 degree and yearly in time. The gridded fields are computed from the monthly 1-degree gridded data, \nwhich uses only SOCAT datasets with Quality Control (QC) flags of A through D and SOCAT data points flagged with World Ocean Circulation Experiment (WOCE) \nflag values of 2. This decacal data is computed using data from the start to the end of each decade as \ndescribed in the summary attribute of each variable. The first decade is 1-Jan-1970 through 31-Dec-1979, \nthe last decade is generally a partial decade."
v2022_e06c_50ba_22c8,public,INFO SOCAT,grid,Grid,EDDGridFromNcFiles,SOCAT gridded v2022 Monthly 1x1 degree gridded dataset,-179.5,179.5,1.0,-89.5,89.5,1.0,NaN,NaN,1970-01-16T12:00:00Z,2021-12-16T12:00:00Z,2629721.990369181,/erddap/griddap/v2022_e06c_50ba_22c8,,,/erddap/griddap/v2022_e06c_50ba_22c8.graph,,,/erddap/wms/v2022_e06c_50ba_22c8/request,/erddap/files/v2022_e06c_50ba_22c8/,/erddap/metadata/fgdc/xml/v2022_e06c_50ba_22c8_fgdc.xml,/erddap/metadata/iso19115/xml/v2022_e06c_50ba_22c8_iso19115.xml,/erddap/info/v2022_e06c_50ba_22c8/index,(local files),http://www.socat.info/,http://sour.pmel.noaa.gov:8930/erddap/rss/v2022_e06c_50ba_22c8.rss,/erddap/subscriptions/add.html?datasetID=v2022_e06c_50ba_22c8&showErrors=false&email=,,NaN,"Surface Ocean Carbon Atlas (SOCAT) Gridded (binned) SOCAT observations, with a spatial \ngrid of 1x1 degree and monthly in time. The gridded fields are computed using only SOCAT \ndatasets with Quality Control (QC) flags of A through D and SOCAT data points flagged with World Ocean Circulation Experiment (WOCE) flag values of 2."
v2022_f562_aca9_bb36,public,INFO SOCAT,grid,Grid,EDDGridFromNcFiles,SOCAT gridded v2022 Monthly quarter-degree Coastal gridded dataset,-179.875,179.875,0.25,-89.875,89.875,0.25,NaN,NaN,1970-01-16T12:00:00Z,2021-12-16T12:00:00Z,2629721.990369181,/erddap/griddap/v2022_f562_aca9_bb36,,,/erddap/griddap/v2022_f562_aca9_bb36.graph,,,/erddap/wms/v2022_f562_aca9_bb36/request,/erddap/files/v2022_f562_aca9_bb36/,/erddap/metadata/fgdc/xml/v2022_f562_aca9_bb36_fgdc.xml,/erddap/metadata/iso19115/xml/v2022_f562_aca9_bb36_iso19115.xml,/erddap/info/v2022_f562_aca9_bb36/index,(local files),http://www.socat.info/,http://sour.pmel.noaa.gov:8930/erddap/rss/v2022_f562_aca9_bb36.rss,/erddap/subscriptions/add.html?datasetID=v2022_f562_aca9_bb36&showErrors=false&email=,,NaN,"Surface Ocean Carbon Atlas (SOCAT) Gridded (binned) SOCAT observations, masked for coastal data only, \nwith a spatial grid of quarter-degree and monthly in time. The gridded fields are computed using only \nSOCAT cruises with Quality Control (QC) flags of A through D and SOCAT data points flagged with World Ocean Circulation Experiment (WOCE) flag values of 2. \nThe grid is monthly in time and quarter-degree in longitude and latitude. A coastal mask is applied to \nmatch the 400-Km coastal region of the SOCAT database."
v2023_7c13_4a66_d089,public,INFO SOCAT,grid,Grid,EDDGridFromNcFiles,SOCAT gridded v2023 Decadal 1x1 degree gridded dataset,-179.5,179.5,1.0,-89.5,89.5,1.0,NaN,NaN,1975-01-01T00:00:00Z,2024-12-31T12:00:00Z,3.15576E8,/erddap/griddap/v2023_7c13_4a66_d089,,,/erddap/griddap/v2023_7c13_4a66_d089.graph,,,/erddap/wms/v2023_7c13_4a66_d089/request,/erddap/files/v2023_7c13_4a66_d089/,/erddap/metadata/fgdc/xml/v2023_7c13_4a66_d089_fgdc.xml,/erddap/metadata/iso19115/xml/v2023_7c13_4a66_d089_iso19115.xml,/erddap/info/v2023_7c13_4a66_d089/index,(local files),http://www.socat.info/,http://sour.pmel.noaa.gov:8930/erddap/rss/v2023_7c13_4a66_d089.rss,/erddap/subscriptions/add.html?datasetID=v2023_7c13_4a66_d089&showErrors=false&email=,,NaN,"Surface Ocean Carbon Atlas (SOCAT) Gridded (binned) SOCAT observations, with a spatial grid of \n1x1 degree and yearly in time. The gridded fields are computed from the monthly 1-degree gridded data, \nwhich uses only SOCAT datasets with Quality Control (QC) flags of A through D and SOCAT data points flagged with World Ocean Circulation Experiment (WOCE) \nflag values of 2. This decacal data is computed using data from the start to the end of each decade as \ndescribed in the summary attribute of each variable. The first decade is 1-Jan-1970 through 31-Dec-1979, \nthe last decade is generally a partial decade."
v2023_7c40_df73_d325,public,INFO SOCAT,grid,Grid,EDDGridFromNcFiles,SOCAT gridded v2023 Monthly 1x1 degree gridded dataset,-179.5,179.5,1.0,-89.5,89.5,1.0,NaN,NaN,1970-01-16T12:00:00Z,2022-12-16T12:00:00Z,2629689.448818898,/erddap/griddap/v2023_7c40_df73_d325,,,/erddap/griddap/v2023_7c40_df73_d325.graph,,,/erddap/wms/v2023_7c40_df73_d325/request,/erddap/files/v2023_7c40_df73_d325/,/erddap/metadata/fgdc/xml/v2023_7c40_df73_d325_fgdc.xml,/erddap/metadata/iso19115/xml/v2023_7c40_df73_d325_iso19115.xml,/erddap/info/v2023_7c40_df73_d325/index,(local files),http://www.socat.info/,http://sour.pmel.noaa.gov:8930/erddap/rss/v2023_7c40_df73_d325.rss,/erddap/subscriptions/add.html?datasetID=v2023_7c40_df73_d325&showErrors=false&email=,,NaN,"Surface Ocean Carbon Atlas (SOCAT) Gridded (binned) SOCAT observations, with a spatial \ngrid of 1x1 degree and monthly in time. The gridded fields are computed using only SOCAT \ndatasets with Quality Control (QC) flags of A through D and SOCAT data points flagged with World Ocean Circulation Experiment (WOCE) flag values of 2."
v2023_ae49_5d64_2806,public,INFO SOCAT,grid,Grid,EDDGridFromNcFiles,SOCAT gridded v2023 Monthly quarter-degree Coastal gridded dataset,-179.875,179.875,0.25,-89.875,89.875,0.25,NaN,NaN,1970-01-16T12:00:00Z,2022-12-16T12:00:00Z,2629689.448818898,/erddap/griddap/v2023_ae49_5d64_2806,,,/erddap/griddap/v2023_ae49_5d64_2806.graph,,,/erddap/wms/v2023_ae49_5d64_2806/request,/erddap/files/v2023_ae49_5d64_2806/,/erddap/metadata/fgdc/xml/v2023_ae49_5d64_2806_fgdc.xml,/erddap/metadata/iso19115/xml/v2023_ae49_5d64_2806_iso19115.xml,/erddap/info/v2023_ae49_5d64_2806/index,(local files),http://www.socat.info/,http://sour.pmel.noaa.gov:8930/erddap/rss/v2023_ae49_5d64_2806.rss,/erddap/subscriptions/add.html?datasetID=v2023_ae49_5d64_2806&showErrors=false&email=,,NaN,"Surface Ocean Carbon Atlas (SOCAT) Gridded (binned) SOCAT observations, masked for coastal data only, \nwith a spatial grid of quarter-degree and monthly in time. The gridded fields are computed using only \nSOCAT cruises with Quality Control (QC) flags of A through D and SOCAT data points flagged with World Ocean Circulation Experiment (WOCE) flag values of 2. \nThe grid is monthly in time and quarter-degree in longitude and latitude. A coastal mask is applied to \nmatch the 400-Km coastal region of the SOCAT database."
v2023_81d5_05c0_b8fb,public,INFO SOCAT,grid,Grid,EDDGridFromNcFiles,SOCAT gridded v2023 Yearly 1x1 degree gridded dataset,-179.5,179.5,1.0,-89.5,89.5,1.0,NaN,NaN,1970-07-02T12:00:00Z,2023-07-02T12:00:00Z,3.1557192452830188E7,/erddap/griddap/v2023_81d5_05c0_b8fb,,,/erddap/griddap/v2023_81d5_05c0_b8fb.graph,,,/erddap/wms/v2023_81d5_05c0_b8fb/request,/erddap/files/v2023_81d5_05c0_b8fb/,/erddap/metadata/fgdc/xml/v2023_81d5_05c0_b8fb_fgdc.xml,/erddap/metadata/iso19115/xml/v2023_81d5_05c0_b8fb_iso19115.xml,/erddap/info/v2023_81d5_05c0_b8fb/index,(local files),http://www.socat.info/,http://sour.pmel.noaa.gov:8930/erddap/rss/v2023_81d5_05c0_b8fb.rss,/erddap/subscriptions/add.html?datasetID=v2023_81d5_05c0_b8fb&showErrors=false&email=,,NaN,"Surface Ocean Carbon Atlas (SOCAT) Gridded (binned) SOCAT observations, with a spatial grid of \n1x1 degree and yearly in time. The gridded fields are computed from the monthly 1-degree gridded data, \nwhich uses only SOCAT datasets with Quality Control (QC) flags of A through D and SOCAT data points flagged with World Ocean Circulation Experiment (WOCE) \nflag values of 2. This yearly data is computed using data from the start to the end of each year as \ndescribed in the summary attribute of each variable."
v2024_2f5f_fb33_778a,public,INFO SOCAT,grid,Grid,EDDGridFromNcFiles,SOCAT gridded v2024 Monthly 1x1 degree gridded dataset,-179.5,179.5,1.0,-89.5,89.5,1.0,NaN,NaN,1970-01-16T12:00:00Z,2023-12-16T12:00:00Z,2629658.114374034,/erddap/griddap/v2024_2f5f_fb33_778a,,,/erddap/griddap/v2024_2f5f_fb33_778a.graph,,,/erddap/wms/v2024_2f5f_fb33_778a/request,/erddap/files/v2024_2f5f_fb33_778a/,/erddap/metadata/fgdc/xml/v2024_2f5f_fb33_778a_fgdc.xml,/erddap/metadata/iso19115/xml/v2024_2f5f_fb33_778a_iso19115.xml,/erddap/info/v2024_2f5f_fb33_778a/index,(local files),http://www.socat.info/,http://sour.pmel.noaa.gov:8930/erddap/rss/v2024_2f5f_fb33_778a.rss,/erddap/subscriptions/add.html?datasetID=v2024_2f5f_fb33_778a&showErrors=false&email=,,NaN,"Surface Ocean Carbon Atlas (SOCAT) Gridded (binned) SOCAT observations, with a spatial \ngrid of 1x1 degree and monthly in time. The gridded fields are computed using only SOCAT \ndatasets with Quality Control (QC) flags of A through D and SOCAT data points flagged with World Ocean Circulation Experiment (WOCE) flag values of 2."
v2024_2569_8155_db86,public,INFO SOCAT,grid,Grid,EDDGridFromNcFiles,SOCAT gridded v2024 Monthly quarter-degree Coastal gridded dataset,-179.875,179.875,0.25,-89.875,89.875,0.25,NaN,NaN,1970-01-16T12:00:00Z,2023-12-16T12:00:00Z,2629658.114374034,/erddap/griddap/v2024_2569_8155_db86,,,/erddap/griddap/v2024_2569_8155_db86.graph,,,/erddap/wms/v2024_2569_8155_db86/request,/erddap/files/v2024_2569_8155_db86/,/erddap/metadata/fgdc/xml/v2024_2569_8155_db86_fgdc.xml,/erddap/metadata/iso19115/xml/v2024_2569_8155_db86_iso19115.xml,/erddap/info/v2024_2569_8155_db86/index,(local files),http://www.socat.info/,http://sour.pmel.noaa.gov:8930/erddap/rss/v2024_2569_8155_db86.rss,/erddap/subscriptions/add.html?datasetID=v2024_2569_8155_db86&showErrors=false&email=,,NaN,"Surface Ocean Carbon Atlas (SOCAT) Gridded (binned) SOCAT observations, masked for coastal data only, \nwith a spatial grid of quarter-degree and monthly in time. The gridded fields are computed using only \nSOCAT cruises with Quality Control (QC) flags of A through D and SOCAT data points flagged with World Ocean Circulation Experiment (WOCE) flag values of 2. \nThe grid is monthly in time and quarter-degree in longitude and latitude. A coastal mask is applied to \nmatch the 400-Km coastal region of the SOCAT database."
v2024_6745_b93e_1ae1,public,INFO SOCAT,grid,Grid,EDDGridFromNcFiles,SOCAT gridded v2024 Yearly 1x1 degree gridded dataset,-179.5,179.5,1.0,-89.5,89.5,1.0,NaN,NaN,1970-07-02T12:00:00Z,2023-07-02T12:00:00Z,3.1557192452830188E7,/erddap/griddap/v2024_6745_b93e_1ae1,,,/erddap/griddap/v2024_6745_b93e_1ae1.graph,,,/erddap/wms/v2024_6745_b93e_1ae1/request,/erddap/files/v2024_6745_b93e_1ae1/,/erddap/metadata/fgdc/xml/v2024_6745_b93e_1ae1_fgdc.xml,/erddap/metadata/iso19115/xml/v2024_6745_b93e_1ae1_iso19115.xml,/erddap/info/v2024_6745_b93e_1ae1/index,(local files),http://www.socat.info/,http://sour.pmel.noaa.gov:8930/erddap/rss/v2024_6745_b93e_1ae1.rss,/erddap/subscriptions/add.html?datasetID=v2024_6745_b93e_1ae1&showErrors=false&email=,,NaN,"Surface Ocean Carbon Atlas (SOCAT) Gridded (binned) SOCAT observations, with a spatial grid of \n1x1 degree and yearly in time. The gridded fields are computed from the monthly 1-degree gridded data, \nwhich uses only SOCAT datasets with Quality Control (QC) flags of A through D and SOCAT data points flagged with World Ocean Circulation Experiment (WOCE) \nflag values of 2. This yearly data is computed using data from the start to the end of each year as \ndescribed in the summary attribute of each variable."
v2025_3981_1a91_3fab,public,INFO SOCAT,grid,Grid,EDDGridFromNcFiles,SOCAT gridded v2025 Decadal 1x1 degree gridded dataset,-179.5,179.5,1.0,-89.5,89.5,1.0,NaN,NaN,1975-01-01T00:00:00Z,2024-12-31T12:00:00Z,3.15576E8,/erddap/griddap/v2025_3981_1a91_3fab,,,/erddap/griddap/v2025_3981_1a91_3fab.graph,,,/erddap/wms/v2025_3981_1a91_3fab/request,/erddap/files/v2025_3981_1a91_3fab/,/erddap/metadata/fgdc/xml/v2025_3981_1a91_3fab_fgdc.xml,/erddap/metadata/iso19115/xml/v2025_3981_1a91_3fab_iso19115.xml,/erddap/info/v2025_3981_1a91_3fab/index,(local files),http://www.socat.info/,http://sour.pmel.noaa.gov:8930/erddap/rss/v2025_3981_1a91_3fab.rss,/erddap/subscriptions/add.html?datasetID=v2025_3981_1a91_3fab&showErrors=false&email=,,NaN,"Surface Ocean Carbon Atlas (SOCAT) Gridded (binned) SOCAT observations, with a spatial grid of \n1x1 degree and yearly in time. The gridded fields are computed from the monthly 1-degree gridded data, \nwhich uses only SOCAT datasets with Quality Control (QC) flags of A through D and SOCAT data points flagged with World Ocean Circulation Experiment (WOCE) \nflag values of 2. This decacal data is computed using data from the start to the end of each decade as \ndescribed in the summary attribute of each variable. The first decade is 1-Jan-1970 through 31-Dec-1979, \nthe last decade is generally a partial decade."
v2025_c716_f8c7_183a,public,INFO SOCAT,grid,Grid,EDDGridFromNcFiles,SOCAT gridded v2025 Monthly 1x1 degree gridded dataset,-179.5,179.5,1.0,-89.5,89.5,1.0,NaN,NaN,1970-01-16T12:00:00Z,2024-12-16T12:00:00Z,2629759.028831563,/erddap/griddap/v2025_c716_f8c7_183a,,,/erddap/griddap/v2025_c716_f8c7_183a.graph,,,/erddap/wms/v2025_c716_f8c7_183a/request,/erddap/files/v2025_c716_f8c7_183a/,/erddap/metadata/fgdc/xml/v2025_c716_f8c7_183a_fgdc.xml,/erddap/metadata/iso19115/xml/v2025_c716_f8c7_183a_iso19115.xml,/erddap/info/v2025_c716_f8c7_183a/index,(local files),http://www.socat.info/,http://sour.pmel.noaa.gov:8930/erddap/rss/v2025_c716_f8c7_183a.rss,/erddap/subscriptions/add.html?datasetID=v2025_c716_f8c7_183a&showErrors=false&email=,,NaN,"Surface Ocean Carbon Atlas (SOCAT) Gridded (binned) SOCAT observations, with a spatial \ngrid of 1x1 degree and monthly in time. The gridded fields are computed using only SOCAT \ndatasets with Quality Control (QC) flags of A through D and SOCAT data points flagged with World Ocean Circulation Experiment (WOCE) flag values of 2."
v2025_27d9_a472_7d7a,public,INFO SOCAT,grid,Grid,EDDGridFromNcFiles,SOCAT gridded v2025 Monthly quarter-degree Coastal gridded dataset,-179.875,179.875,0.25,-89.875,89.875,0.25,NaN,NaN,1970-01-16T12:00:00Z,2024-12-16T12:00:00Z,2629759.028831563,/erddap/griddap/v2025_27d9_a472_7d7a,,,/erddap/griddap/v2025_27d9_a472_7d7a.graph,,,/erddap/wms/v2025_27d9_a472_7d7a/request,/erddap/files/v2025_27d9_a472_7d7a/,/erddap/metadata/fgdc/xml/v2025_27d9_a472_7d7a_fgdc.xml,/erddap/metadata/iso19115/xml/v2025_27d9_a472_7d7a_iso19115.xml,/erddap/info/v2025_27d9_a472_7d7a/index,(local files),http://www.socat.info/,http://sour.pmel.noaa.gov:8930/erddap/rss/v2025_27d9_a472_7d7a.rss,/erddap/subscriptions/add.html?datasetID=v2025_27d9_a472_7d7a&showErrors=false&email=,,NaN,"Surface Ocean Carbon Atlas (SOCAT) Gridded (binned) SOCAT observations, masked for coastal data only, \nwith a spatial grid of quarter-degree and monthly in time. The gridded fields are computed using only \nSOCAT cruises with Quality Control (QC) flags of A through D and SOCAT data points flagged with World Ocean Circulation Experiment (WOCE) flag values of 2. \nThe grid is monthly in time and quarter-degree in longitude and latitude. A coastal mask is applied to \nmatch the 400-Km coastal region of the SOCAT database."
v2025_d5f0_4483_c183,public,INFO SOCAT,grid,Grid,EDDGridFromNcFiles,SOCAT gridded v2025 Yearly 1x1 degree gridded dataset,-179.5,179.5,1.0,-89.5,89.5,1.0,NaN,NaN,1970-07-02T12:00:00Z,2024-07-02T00:00:00Z,3.15576E7,/erddap/griddap/v2025_d5f0_4483_c183,,,/erddap/griddap/v2025_d5f0_4483_c183.graph,,,/erddap/wms/v2025_d5f0_4483_c183/request,/erddap/files/v2025_d5f0_4483_c183/,/erddap/metadata/fgdc/xml/v2025_d5f0_4483_c183_fgdc.xml,/erddap/metadata/iso19115/xml/v2025_d5f0_4483_c183_iso19115.xml,/erddap/info/v2025_d5f0_4483_c183/index,(local files),http://www.socat.info/,http://sour.pmel.noaa.gov:8930/erddap/rss/v2025_d5f0_4483_c183.rss,/erddap/subscriptions/add.html?datasetID=v2025_d5f0_4483_c183&showErrors=false&email=,,NaN,"Surface Ocean Carbon Atlas (SOCAT) Gridded (binned) SOCAT observations, with a spatial grid of \n1x1 degree and yearly in time. The gridded fields are computed from the monthly 1-degree gridded data, \nwhich uses only SOCAT datasets with Quality Control (QC) flags of A through D and SOCAT data points flagged with World Ocean Circulation Experiment (WOCE) \nflag values of 2. This yearly data is computed using data from the start to the end of each year as \ndescribed in the summary attribute of each variable."
v3_7567_2915_318b,public,INFO SOCAT,grid,Grid,EDDGridFromNcFiles,SOCAT gridded V3 Decadal 1x1 degree gridded dataset,-179.5,179.5,1.0,-89.5,89.5,1.0,NaN,NaN,1975-01-01T00:00:00Z,2015-01-01T00:00:00Z,3.15576E8,/erddap/griddap/v3_7567_2915_318b,,,/erddap/griddap/v3_7567_2915_318b.graph,,,/erddap/wms/v3_7567_2915_318b/request,/erddap/files/v3_7567_2915_318b/,/erddap/metadata/fgdc/xml/v3_7567_2915_318b_fgdc.xml,/erddap/metadata/iso19115/xml/v3_7567_2915_318b_iso19115.xml,/erddap/info/v3_7567_2915_318b/index,(local files),http://www.socat.info/,http://sour.pmel.noaa.gov:8930/erddap/rss/v3_7567_2915_318b.rss,/erddap/subscriptions/add.html?datasetID=v3_7567_2915_318b&showErrors=false&email=,,NaN,"Surface Ocean Carbon Atlas (SOCAT) Gridded (binned) SOCAT observations, with a spatial grid of \n1x1 degree and yearly in time. The gridded fields are computed from the monthly 1-degree gridded data, \nwhich uses only SOCAT datasets with Quality Control (QC) flags of A through D and SOCAT data points flagged with World Ocean Circulation Experiment (WOCE) \nflag values of 2. This decacal data is computed using data from the start to the end of each decade as \ndescribed in the summary attribute of each variable. The first decade is 1-Jan-1970 through 31-Dec-1979, \nthe last decade is generally a partial decade."
v3_7c80_5699_35db,public,INFO SOCAT,grid,Grid,EDDGridFromNcFiles,SOCAT gridded V3 Monthly 1x1 degree gridded dataset,-179.5,179.5,1.0,-89.5,89.5,1.0,NaN,NaN,1970-01-16T12:00:00Z,2014-12-16T12:00:00Z,2629669.758812616,/erddap/griddap/v3_7c80_5699_35db,,,/erddap/griddap/v3_7c80_5699_35db.graph,,,/erddap/wms/v3_7c80_5699_35db/request,/erddap/files/v3_7c80_5699_35db/,/erddap/metadata/fgdc/xml/v3_7c80_5699_35db_fgdc.xml,/erddap/metadata/iso19115/xml/v3_7c80_5699_35db_iso19115.xml,/erddap/info/v3_7c80_5699_35db/index,(local files),http://www.socat.info/,http://sour.pmel.noaa.gov:8930/erddap/rss/v3_7c80_5699_35db.rss,/erddap/subscriptions/add.html?datasetID=v3_7c80_5699_35db&showErrors=false&email=,,NaN,"Surface Ocean Carbon Atlas (SOCAT) Gridded (binned) SOCAT observations, with a spatial \ngrid of 1x1 degree and monthly in time. The gridded fields are computed using only SOCAT \ndatasets with Quality Control (QC) flags of A through D and SOCAT data points flagged with World Ocean Circulation Experiment (WOCE) flag values of 2."
v3_49e6_c36a_c14a,public,INFO SOCAT,grid,Grid,EDDGridFromNcFiles,SOCAT gridded V3 Monthly quarter-degree Coastal gridded dataset,-179.875,179.875,0.25,-89.875,89.875,0.25,NaN,NaN,1970-01-16T12:00:00Z,2014-12-16T12:00:00Z,2629669.758812616,/erddap/griddap/v3_49e6_c36a_c14a,,,/erddap/griddap/v3_49e6_c36a_c14a.graph,,,/erddap/wms/v3_49e6_c36a_c14a/request,/erddap/files/v3_49e6_c36a_c14a/,/erddap/metadata/fgdc/xml/v3_49e6_c36a_c14a_fgdc.xml,/erddap/metadata/iso19115/xml/v3_49e6_c36a_c14a_iso19115.xml,/erddap/info/v3_49e6_c36a_c14a/index,(local files),http://www.socat.info/,http://sour.pmel.noaa.gov:8930/erddap/rss/v3_49e6_c36a_c14a.rss,/erddap/subscriptions/add.html?datasetID=v3_49e6_c36a_c14a&showErrors=false&email=,,NaN,"Surface Ocean Carbon Atlas (SOCAT) Gridded (binned) SOCAT observations, masked for coastal data only, \nwith a spatial grid of quarter-degree and monthly in time. The gridded fields are computed using only \nSOCAT cruises with Quality Control (QC) flags of A through D and SOCAT data points flagged with World Ocean Circulation Experiment (WOCE) flag values of 2. \nThe grid is monthly in time and quarter-degree in longitude and latitude. A coastal mask is applied to \nmatch the 400-Km coastal region of the SOCAT database."
v3_8860_1252_5e84,public,INFO SOCAT,grid,Grid,EDDGridFromNcFiles,SOCAT gridded V3 Yearly 1x1 degree gridded dataset,-179.5,179.5,1.0,-89.5,89.5,1.0,NaN,NaN,1970-07-15T00:00:00Z,2014-07-15T00:00:00Z,3.15576E7,/erddap/griddap/v3_8860_1252_5e84,,,/erddap/griddap/v3_8860_1252_5e84.graph,,,/erddap/wms/v3_8860_1252_5e84/request,/erddap/files/v3_8860_1252_5e84/,/erddap/metadata/fgdc/xml/v3_8860_1252_5e84_fgdc.xml,/erddap/metadata/iso19115/xml/v3_8860_1252_5e84_iso19115.xml,/erddap/info/v3_8860_1252_5e84/index,(local files),http://www.socat.info/,http://sour.pmel.noaa.gov:8930/erddap/rss/v3_8860_1252_5e84.rss,/erddap/subscriptions/add.html?datasetID=v3_8860_1252_5e84&showErrors=false&email=,,NaN,"Surface Ocean Carbon Atlas (SOCAT) Gridded (binned) SOCAT observations, with a spatial grid of \n1x1 degree and yearly in time. The gridded fields are computed from the monthly 1-degree gridded data, \nwhich uses only SOCAT datasets with Quality Control (QC) flags of A through D and SOCAT data points flagged with World Ocean Circulation Experiment (WOCE) \nflag values of 2. This yearly data is computed using data from the start to the end of each year as \ndescribed in the summary attribute of each variable."
v4_9d0d_92ae_a688,public,INFO SOCAT,grid,Grid,EDDGridFromNcFiles,SOCAT gridded V4 Decadal 1x1 degree gridded dataset,-179.5,179.5,1.0,-89.5,89.5,1.0,NaN,NaN,1975-01-01T00:00:00Z,2015-01-01T00:00:00Z,3.15576E8,/erddap/griddap/v4_9d0d_92ae_a688,,,/erddap/griddap/v4_9d0d_92ae_a688.graph,,,/erddap/wms/v4_9d0d_92ae_a688/request,/erddap/files/v4_9d0d_92ae_a688/,/erddap/metadata/fgdc/xml/v4_9d0d_92ae_a688_fgdc.xml,/erddap/metadata/iso19115/xml/v4_9d0d_92ae_a688_iso19115.xml,/erddap/info/v4_9d0d_92ae_a688/index,(local files),http://www.socat.info/,http://sour.pmel.noaa.gov:8930/erddap/rss/v4_9d0d_92ae_a688.rss,/erddap/subscriptions/add.html?datasetID=v4_9d0d_92ae_a688&showErrors=false&email=,,NaN,"Surface Ocean Carbon Atlas (SOCAT) Gridded (binned) SOCAT observations, with a spatial grid of \n1x1 degree and yearly in time. The gridded fields are computed from the monthly 1-degree gridded data, \nwhich uses only SOCAT datasets with Quality Control (QC) flags of A through D and SOCAT data points flagged with World Ocean Circulation Experiment (WOCE) \nflag values of 2. This decacal data is computed using data from the start to the end of each decade as \ndescribed in the summary attribute of each variable. The first decade is 1-Jan-1970 through 31-Dec-1979, \nthe last decade is generally a partial decade."
v4_cacb_2cfb_4c7e,public,INFO SOCAT,grid,Grid,EDDGridFromNcFiles,SOCAT gridded V4 Monthly 1x1 degree gridded dataset,-179.5,179.5,1.0,-89.5,89.5,1.0,NaN,NaN,1970-01-16T12:00:00Z,2015-12-16T12:00:00Z,2629633.393829401,/erddap/griddap/v4_cacb_2cfb_4c7e,,,/erddap/griddap/v4_cacb_2cfb_4c7e.graph,,,/erddap/wms/v4_cacb_2cfb_4c7e/request,/erddap/files/v4_cacb_2cfb_4c7e/,/erddap/metadata/fgdc/xml/v4_cacb_2cfb_4c7e_fgdc.xml,/erddap/metadata/iso19115/xml/v4_cacb_2cfb_4c7e_iso19115.xml,/erddap/info/v4_cacb_2cfb_4c7e/index,(local files),http://www.socat.info/,http://sour.pmel.noaa.gov:8930/erddap/rss/v4_cacb_2cfb_4c7e.rss,/erddap/subscriptions/add.html?datasetID=v4_cacb_2cfb_4c7e&showErrors=false&email=,,NaN,"Surface Ocean Carbon Atlas (SOCAT) Gridded (binned) SOCAT observations, with a spatial \ngrid of 1x1 degree and monthly in time. The gridded fields are computed using only SOCAT \ndatasets with Quality Control (QC) flags of A through D and SOCAT data points flagged with World Ocean Circulation Experiment (WOCE) flag values of 2."
v4_9988_f2e6_1769,public,INFO SOCAT,grid,Grid,EDDGridFromNcFiles,SOCAT gridded V4 Monthly quarter-degree Coastal gridded dataset,-179.875,179.875,0.25,-89.875,89.875,0.25,NaN,NaN,1970-01-16T12:00:00Z,2015-12-16T12:00:00Z,2629633.393829401,/erddap/griddap/v4_9988_f2e6_1769,,,/erddap/griddap/v4_9988_f2e6_1769.graph,,,/erddap/wms/v4_9988_f2e6_1769/request,/erddap/files/v4_9988_f2e6_1769/,/erddap/metadata/fgdc/xml/v4_9988_f2e6_1769_fgdc.xml,/erddap/metadata/iso19115/xml/v4_9988_f2e6_1769_iso19115.xml,/erddap/info/v4_9988_f2e6_1769/index,(local files),http://www.socat.info/,http://sour.pmel.noaa.gov:8930/erddap/rss/v4_9988_f2e6_1769.rss,/erddap/subscriptions/add.html?datasetID=v4_9988_f2e6_1769&showErrors=false&email=,,NaN,"Surface Ocean Carbon Atlas (SOCAT) Gridded (binned) SOCAT observations, masked for coastal data only, \nwith a spatial grid of quarter-degree and monthly in time. The gridded fields are computed using only \nSOCAT cruises with Quality Control (QC) flags of A through D and SOCAT data points flagged with World Ocean Circulation Experiment (WOCE) flag values of 2. \nThe grid is monthly in time and quarter-degree in longitude and latitude. A coastal mask is applied to \nmatch the 400-Km coastal region of the SOCAT database."
v4_b8a8_1c42_e839,public,INFO SOCAT,grid,Grid,EDDGridFromNcFiles,SOCAT gridded V4 Yearly 1x1 degree gridded dataset,-179.5,179.5,1.0,-89.5,89.5,1.0,NaN,NaN,1970-07-15T00:00:00Z,2015-07-15T00:00:00Z,3.155712E7,/erddap/griddap/v4_b8a8_1c42_e839,,,/erddap/griddap/v4_b8a8_1c42_e839.graph,,,/erddap/wms/v4_b8a8_1c42_e839/request,/erddap/files/v4_b8a8_1c42_e839/,/erddap/metadata/fgdc/xml/v4_b8a8_1c42_e839_fgdc.xml,/erddap/metadata/iso19115/xml/v4_b8a8_1c42_e839_iso19115.xml,/erddap/info/v4_b8a8_1c42_e839/index,(local files),http://www.socat.info/,http://sour.pmel.noaa.gov:8930/erddap/rss/v4_b8a8_1c42_e839.rss,/erddap/subscriptions/add.html?datasetID=v4_b8a8_1c42_e839&showErrors=false&email=,,NaN,"Surface Ocean Carbon Atlas (SOCAT) Gridded (binned) SOCAT observations, with a spatial grid of \n1x1 degree and yearly in time. The gridded fields are computed from the monthly 1-degree gridded data, \nwhich uses only SOCAT datasets with Quality Control (QC) flags of A through D and SOCAT data points flagged with World Ocean Circulation Experiment (WOCE) \nflag values of 2. This yearly data is computed using data from the start to the end of each year as \ndescribed in the summary attribute of each variable."
v5_a4da_66ba_fef3,public,INFO SOCAT,grid,Grid,EDDGridFromNcFiles,SOCAT gridded v5 Decadal 1x1 degree gridded dataset,-179.5,179.5,1.0,-89.5,89.5,1.0,NaN,NaN,1975-01-01T00:00:00Z,2015-01-01T00:00:00Z,3.15576E8,/erddap/griddap/v5_a4da_66ba_fef3,,,/erddap/griddap/v5_a4da_66ba_fef3.graph,,,/erddap/wms/v5_a4da_66ba_fef3/request,/erddap/files/v5_a4da_66ba_fef3/,/erddap/metadata/fgdc/xml/v5_a4da_66ba_fef3_fgdc.xml,/erddap/metadata/iso19115/xml/v5_a4da_66ba_fef3_iso19115.xml,/erddap/info/v5_a4da_66ba_fef3/index,(local files),http://www.socat.info/,http://sour.pmel.noaa.gov:8930/erddap/rss/v5_a4da_66ba_fef3.rss,/erddap/subscriptions/add.html?datasetID=v5_a4da_66ba_fef3&showErrors=false&email=,,NaN,"Surface Ocean Carbon Atlas (SOCAT) Gridded (binned) SOCAT observations, with a spatial grid of \n1x1 degree and yearly in time. The gridded fields are computed from the monthly 1-degree gridded data, \nwhich uses only SOCAT datasets with Quality Control (QC) flags of A through D and SOCAT data points flagged with World Ocean Circulation Experiment (WOCE) \nflag values of 2. This decacal data is computed using data from the start to the end of each decade as \ndescribed in the summary attribute of each variable. The first decade is 1-Jan-1970 through 31-Dec-1979, \nthe last decade is generally a partial decade."
v5_9fd4_e44a_9c97,public,INFO SOCAT,grid,Grid,EDDGridFromNcFiles,SOCAT gridded v5 Monthly 1x1 degree gridded dataset,-179.5,179.5,1.0,-89.5,89.5,1.0,NaN,NaN,1970-01-16T12:00:00Z,2017-01-16T12:00:00Z,2629838.2978723403,/erddap/griddap/v5_9fd4_e44a_9c97,,,/erddap/griddap/v5_9fd4_e44a_9c97.graph,,,/erddap/wms/v5_9fd4_e44a_9c97/request,/erddap/files/v5_9fd4_e44a_9c97/,/erddap/metadata/fgdc/xml/v5_9fd4_e44a_9c97_fgdc.xml,/erddap/metadata/iso19115/xml/v5_9fd4_e44a_9c97_iso19115.xml,/erddap/info/v5_9fd4_e44a_9c97/index,(local files),http://www.socat.info/,http://sour.pmel.noaa.gov:8930/erddap/rss/v5_9fd4_e44a_9c97.rss,/erddap/subscriptions/add.html?datasetID=v5_9fd4_e44a_9c97&showErrors=false&email=,,NaN,"Surface Ocean Carbon Atlas (SOCAT) Gridded (binned) SOCAT observations, with a spatial \ngrid of 1x1 degree and monthly in time. The gridded fields are computed using only SOCAT \ndatasets with Quality Control (QC) flags of A through D and SOCAT data points flagged with World Ocean Circulation Experiment (WOCE) flag values of 2."
v5_8005_f399_c52c,public,INFO SOCAT,grid,Grid,EDDGridFromNcFiles,SOCAT gridded v5 Monthly quarter-degree Coastal gridded dataset,-179.875,179.875,0.25,-89.875,89.875,0.25,NaN,NaN,1970-01-16T12:00:00Z,2016-01-16T12:00:00Z,2629721.7391304346,/erddap/griddap/v5_8005_f399_c52c,,,/erddap/griddap/v5_8005_f399_c52c.graph,,,/erddap/wms/v5_8005_f399_c52c/request,/erddap/files/v5_8005_f399_c52c/,/erddap/metadata/fgdc/xml/v5_8005_f399_c52c_fgdc.xml,/erddap/metadata/iso19115/xml/v5_8005_f399_c52c_iso19115.xml,/erddap/info/v5_8005_f399_c52c/index,(local files),http://www.socat.info/,http://sour.pmel.noaa.gov:8930/erddap/rss/v5_8005_f399_c52c.rss,/erddap/subscriptions/add.html?datasetID=v5_8005_f399_c52c&showErrors=false&email=,,NaN,"Surface Ocean Carbon Atlas (SOCAT) Gridded (binned) SOCAT observations, masked for coastal data only, \nwith a spatial grid of quarter-degree and monthly in time. The gridded fields are computed using only \nSOCAT cruises with Quality Control (QC) flags of A through D and SOCAT data points flagged with World Ocean Circulation Experiment (WOCE) flag values of 2. \nThe grid is monthly in time and quarter-degree in longitude and latitude. A coastal mask is applied to \nmatch the 400-Km coastal region of the SOCAT database."
v5_d56a_5bf4_b730,public,INFO SOCAT,grid,Grid,EDDGridFromNcFiles,SOCAT gridded v5 Monthly quarter-degree Coastal gridded dataset,-179.875,179.875,0.25,-89.875,89.875,0.25,NaN,NaN,1970-01-16T12:00:00Z,2017-01-16T12:00:00Z,2629838.2978723403,/erddap/griddap/v5_d56a_5bf4_b730,,,/erddap/griddap/v5_d56a_5bf4_b730.graph,,,/erddap/wms/v5_d56a_5bf4_b730/request,/erddap/files/v5_d56a_5bf4_b730/,/erddap/metadata/fgdc/xml/v5_d56a_5bf4_b730_fgdc.xml,/erddap/metadata/iso19115/xml/v5_d56a_5bf4_b730_iso19115.xml,/erddap/info/v5_d56a_5bf4_b730/index,(local files),http://www.socat.info/,http://sour.pmel.noaa.gov:8930/erddap/rss/v5_d56a_5bf4_b730.rss,/erddap/subscriptions/add.html?datasetID=v5_d56a_5bf4_b730&showErrors=false&email=,,NaN,"Surface Ocean Carbon Atlas (SOCAT) Gridded (binned) SOCAT observations, masked for coastal data only, \nwith a spatial grid of quarter-degree and monthly in time. The gridded fields are computed using only \nSOCAT cruises with Quality Control (QC) flags of A through D and SOCAT data points flagged with World Ocean Circulation Experiment (WOCE) flag values of 2. \nThe grid is monthly in time and quarter-degree in longitude and latitude. A coastal mask is applied to \nmatch the 400-Km coastal region of the SOCAT database."
v5_b578_4632_cbfe,public,INFO SOCAT,grid,Grid,EDDGridFromNcFiles,SOCAT gridded v5 Yearly 1x1 degree gridded dataset,-179.5,179.5,1.0,-89.5,89.5,1.0,NaN,NaN,1970-07-02T12:00:00Z,2016-07-02T00:00:00Z,3.15576E7,/erddap/griddap/v5_b578_4632_cbfe,,,/erddap/griddap/v5_b578_4632_cbfe.graph,,,/erddap/wms/v5_b578_4632_cbfe/request,/erddap/files/v5_b578_4632_cbfe/,/erddap/metadata/fgdc/xml/v5_b578_4632_cbfe_fgdc.xml,/erddap/metadata/iso19115/xml/v5_b578_4632_cbfe_iso19115.xml,/erddap/info/v5_b578_4632_cbfe/index,(local files),http://www.socat.info/,http://sour.pmel.noaa.gov:8930/erddap/rss/v5_b578_4632_cbfe.rss,/erddap/subscriptions/add.html?datasetID=v5_b578_4632_cbfe&showErrors=false&email=,,NaN,"Surface Ocean Carbon Atlas (SOCAT) Gridded (binned) SOCAT observations, with a spatial grid of \n1x1 degree and yearly in time. The gridded fields are computed from the monthly 1-degree gridded data, \nwhich uses only SOCAT datasets with Quality Control (QC) flags of A through D and SOCAT data points flagged with World Ocean Circulation Experiment (WOCE) \nflag values of 2. This yearly data is computed using data from the start to the end of each year as \ndescribed in the summary attribute of each variable."
v6_647d_09dc_9aac,public,INFO SOCAT,grid,Grid,EDDGridFromNcFiles,SOCAT gridded v6 Decadal 1x1 degree gridded dataset,-179.5,179.5,1.0,-89.5,89.5,1.0,NaN,NaN,1975-01-01T00:00:00Z,2015-01-01T00:00:00Z,3.15576E8,/erddap/griddap/v6_647d_09dc_9aac,,,/erddap/griddap/v6_647d_09dc_9aac.graph,,,/erddap/wms/v6_647d_09dc_9aac/request,/erddap/files/v6_647d_09dc_9aac/,/erddap/metadata/fgdc/xml/v6_647d_09dc_9aac_fgdc.xml,/erddap/metadata/iso19115/xml/v6_647d_09dc_9aac_iso19115.xml,/erddap/info/v6_647d_09dc_9aac/index,(local files),http://www.socat.info/,http://sour.pmel.noaa.gov:8930/erddap/rss/v6_647d_09dc_9aac.rss,/erddap/subscriptions/add.html?datasetID=v6_647d_09dc_9aac&showErrors=false&email=,,NaN,"Surface Ocean Carbon Atlas (SOCAT) Gridded (binned) SOCAT observations, with a spatial grid of \n1x1 degree and yearly in time. The gridded fields are computed from the monthly 1-degree gridded data, \nwhich uses only SOCAT datasets with Quality Control (QC) flags of A through D and SOCAT data points flagged with World Ocean Circulation Experiment (WOCE) \nflag values of 2. This decacal data is computed using data from the start to the end of each decade as \ndescribed in the summary attribute of each variable. The first decade is 1-Jan-1970 through 31-Dec-1979, \nthe last decade is generally a partial decade."
v6_dec2_5970_bb15,public,INFO SOCAT,grid,Grid,EDDGridFromNcFiles,SOCAT gridded v6 Monthly 1x1 degree gridded dataset,-179.5,179.5,1.0,-89.5,89.5,1.0,NaN,NaN,1970-01-16T12:00:00Z,2017-12-16T12:00:00Z,2629715.4782608696,/erddap/griddap/v6_dec2_5970_bb15,,,/erddap/griddap/v6_dec2_5970_bb15.graph,,,/erddap/wms/v6_dec2_5970_bb15/request,/erddap/files/v6_dec2_5970_bb15/,/erddap/metadata/fgdc/xml/v6_dec2_5970_bb15_fgdc.xml,/erddap/metadata/iso19115/xml/v6_dec2_5970_bb15_iso19115.xml,/erddap/info/v6_dec2_5970_bb15/index,(local files),http://www.socat.info/,http://sour.pmel.noaa.gov:8930/erddap/rss/v6_dec2_5970_bb15.rss,/erddap/subscriptions/add.html?datasetID=v6_dec2_5970_bb15&showErrors=false&email=,,NaN,"Surface Ocean Carbon Atlas (SOCAT) Gridded (binned) SOCAT observations, with a spatial \ngrid of 1x1 degree and monthly in time. The gridded fields are computed using only SOCAT \ndatasets with Quality Control (QC) flags of A through D and SOCAT data points flagged with World Ocean Circulation Experiment (WOCE) flag values of 2."
v6_b97c_1721_407f,public,INFO SOCAT,grid,Grid,EDDGridFromNcFiles,SOCAT gridded v6 Monthly quarter-degree Coastal gridded dataset,-179.875,179.875,0.25,-89.875,89.875,0.25,NaN,NaN,1970-01-16T12:00:00Z,2017-12-16T12:00:00Z,2629715.4782608696,/erddap/griddap/v6_b97c_1721_407f,,,/erddap/griddap/v6_b97c_1721_407f.graph,,,/erddap/wms/v6_b97c_1721_407f/request,/erddap/files/v6_b97c_1721_407f/,/erddap/metadata/fgdc/xml/v6_b97c_1721_407f_fgdc.xml,/erddap/metadata/iso19115/xml/v6_b97c_1721_407f_iso19115.xml,/erddap/info/v6_b97c_1721_407f/index,(local files),http://www.socat.info/,http://sour.pmel.noaa.gov:8930/erddap/rss/v6_b97c_1721_407f.rss,/erddap/subscriptions/add.html?datasetID=v6_b97c_1721_407f&showErrors=false&email=,,NaN,"Surface Ocean Carbon Atlas (SOCAT) Gridded (binned) SOCAT observations, masked for coastal data only, \nwith a spatial grid of quarter-degree and monthly in time. The gridded fields are computed using only \nSOCAT cruises with Quality Control (QC) flags of A through D and SOCAT data points flagged with World Ocean Circulation Experiment (WOCE) flag values of 2. \nThe grid is monthly in time and quarter-degree in longitude and latitude. A coastal mask is applied to \nmatch the 400-Km coastal region of the SOCAT database."
v6_1ea4_fc3f_c187,public,INFO SOCAT,grid,Grid,EDDGridFromNcFiles,SOCAT gridded v6 Yearly 1x1 degree gridded dataset,-179.5,179.5,1.0,-89.5,89.5,1.0,NaN,NaN,1970-07-02T12:00:00Z,2017-07-02T12:00:00Z,3.1558059574468084E7,/erddap/griddap/v6_1ea4_fc3f_c187,,,/erddap/griddap/v6_1ea4_fc3f_c187.graph,,,/erddap/wms/v6_1ea4_fc3f_c187/request,/erddap/files/v6_1ea4_fc3f_c187/,/erddap/metadata/fgdc/xml/v6_1ea4_fc3f_c187_fgdc.xml,/erddap/metadata/iso19115/xml/v6_1ea4_fc3f_c187_iso19115.xml,/erddap/info/v6_1ea4_fc3f_c187/index,(local files),http://www.socat.info/,http://sour.pmel.noaa.gov:8930/erddap/rss/v6_1ea4_fc3f_c187.rss,/erddap/subscriptions/add.html?datasetID=v6_1ea4_fc3f_c187&showErrors=false&email=,,NaN,"Surface Ocean Carbon Atlas (SOCAT) Gridded (binned) SOCAT observations, with a spatial grid of \n1x1 degree and yearly in time. The gridded fields are computed from the monthly 1-degree gridded data, \nwhich uses only SOCAT datasets with Quality Control (QC) flags of A through D and SOCAT data points flagged with World Ocean Circulation Experiment (WOCE) \nflag values of 2. This yearly data is computed using data from the start to the end of each year as \ndescribed in the summary attribute of each variable."
v1r5_c7c5_3a78_7599,public,???,grid,Grid,EDDGridFromNcFiles,"SOCAT gridded. SOCAT v1.5, QC-Flags A-D, WOCE-Flag 2",-179.5,179.5,1.0,-89.5,89.5,1.0,NaN,NaN,1970-01-16T12:00:00Z,2007-12-16T12:00:00Z,2629598.241758242,/erddap/griddap/v1r5_c7c5_3a78_7599,,,/erddap/griddap/v1r5_c7c5_3a78_7599.graph,,,/erddap/wms/v1r5_c7c5_3a78_7599/request,/erddap/files/v1r5_c7c5_3a78_7599/,/erddap/metadata/fgdc/xml/v1r5_c7c5_3a78_7599_fgdc.xml,/erddap/metadata/iso19115/xml/v1r5_c7c5_3a78_7599_iso19115.xml,/erddap/info/v1r5_c7c5_3a78_7599/index,(local files),???,http://sour.pmel.noaa.gov:8930/erddap/rss/v1r5_c7c5_3a78_7599.rss,/erddap/subscriptions/add.html?datasetID=v1r5_c7c5_3a78_7599&showErrors=false&email=,,NaN,"SOCAT gridded. SOCAT v1.5, Quality Control (QC)-Flags A-D, World Ocean Circulation Experiment (WOCE)-Flag 2"
